unique_id,program_code,starname,ra,dec,exptime,n_exp,n_inter_max,tau_inter,n_intra_max,n_intra_min,tau_intra,weather_band,gaia_id,teff,jmag,gmag,pmra,pmdec,epoch
688e3aad4b1fc31164fb8e47,2025B_E473,10002,24.287405036999996,-29.393575510861112,600,1,50,1,1,1,0.0,,DR3_5023104341621773184,0,6.7,9.389569,285.768,-70.219,2016.0
688e3aae4b1fc31164fb8fa8,2025B_E473,30649,72.93393558425,45.83165590841945,600,1,50,1,1,1,0.0,,DR3_254503754623418240,0,5.8,9.389569,372.127,-553.583,2016.0
688e3aae4b1fc31164fb8fa7,2025B_E473,29883,70.89791880849998,27.686224341769446,600,1,50,1,1,1,0.0,,DR3_154660191781205120,0,6.3,9.389569,53.728,-265.039,2016.0
688e3aae4b1fc31164fb8fa6,2025B_E473,29528,69.90317995441666,13.122464445611111,600,1,50,1,1,1,0.0,,DR3_3308216770405335296,0,7.6,9.389569,236.114,-142.140,2016.0
688e3aae4b1fc31164fb8fa5,2025B_E473,29461,69.73925748849997,14.10547704226111,600,1,50,1,1,1,0.0,,DR3_3309170875916905856,0,6.8,9.389569,91.536,-20.423,2016.0
688e3aae4b1fc31164fb8fa4,2025B_E473,28946,68.45960385145833,5.383808524530556,600,1,50,1,1,1,0.0,,DR3_3282511876473223552,0,6.5,9.389569,-87.802,-274.828,2016.0
688e3aae4b1fc31164fb8fa3,2025B_E473,28343,67.250194873125,21.923475326719444,600,1,50,1,1,1,0.0,,DR3_145421309108301184,0,5.7,9.389569,-67.017,174.627,2016.0
688e3aae4b1fc31164fb8fa2,2025B_E473,283,1.887149372875,-23.81831627683889,600,1,50,1,1,1,0.0,,DR3_2336728947968831104,0,7.2,9.389569,320.873,91.243,2016.0
688e3aae4b1fc31164fb8fa1,2025B_E473,28185,66.61005801970833,-10.551083711611112,600,1,50,1,1,1,0.0,,DR3_3179384931394690304,0,6.6,9.389569,84.070,-59.637,2016.0
688e3aae4b1fc31164fb8fa0,2025B_E473,28005,66.85346367475,46.8518103192,600,1,50,1,1,1,0.0,,DR3_257134507991047936,0,5.5,9.389569,81.452,-302.287,2016.0
688e3aae4b1fc31164fb8f9f,2025B_E473,26965,63.80795300599999,-7.668077815019445,150,1,50,1,1,1,0.0,,DR3_3195919528989223040,0,2.9,9.389569,-2240.085,-3421.809,2016.0
688e3aae4b1fc31164fb8f9e,2025B_E473,26794,63.62673544383333,3.0232504881305555,600,1,50,1,1,1,0.0,,DR3_3259401379007760640,0,7.1,9.389569,109.692,269.509,2016.0
688e3aae4b1fc31164fb8f9d,2025B_E473,26736,63.63522486408333,23.574729916469444,600,1,50,1,1,1,0.0,,DR3_149005270337201792,0,6.9,9.389569,119.804,-48.183,2016.0
688e3aae4b1fc31164fb8f9c,2025B_E473,26161,62.412235943,31.65244431483889,600,1,50,1,1,1,0.0,,DR3_169149766470219520,0,5.8,9.389569,64.384,70.055,2016.0
688e3aae4b1fc31164fb8fa9,2025B_E473,30708,72.87279253583333,35.81461617236944,600,1,50,1,1,1,0.0,,DR3_174156255225869440,0,5.6,9.389569,20.606,-117.851,2016.0
688e3aae4b1fc31164fb8f9b,2025B_E473,26151,61.83602677383331,-27.426742184230555,600,1,50,1,1,1,0.0,,DR3_4889216948147099520,0,7.1,9.389569,-63.635,-243.280,2016.0
688e3aae4b1fc31164fb8f99,2025B_E473,25682,61.12691838091665,0.2439977820888889,600,1,50,1,1,1,0.0,,DR3_3256919987421359616,0,7.0,9.389569,-202.264,-354.523,2016.0
688e3aae4b1fc31164fb8f98,2025B_E473,25665,62.39692879129166,69.54006455901111,600,1,50,1,1,1,0.0,,DR3_493935296471302784,0,6.0,9.389569,73.011,-298.677,2016.0
688e3aae4b1fc31164fb8f97,2025B_E473,25329,60.821917995124984,35.2672159149,600,1,50,1,1,1,0.0,,DR3_219057458247921536,0,6.8,9.389569,1731.557,-1364.363,2016.0
688e3aae4b1fc31164fb8f96,2025B_E473,24916,59.368753685749994,-1.1600991567888888,600,1,50,1,1,1,0.0,,DR3_3256334497479041024,0,6.1,9.389569,-185.712,-142.905,2016.0
688e3aae4b1fc31164fb8f95,2025B_E473,24892,59.11997180733333,-25.18258813693056,600,1,50,1,1,1,0.0,,DR3_5082840945798327936,0,5.5,9.389569,106.586,-280.384,2016.0
688e3aae4b1fc31164fb8f94,2025B_E473,245409,84.12911430604164,11.327618308649999,600,1,50,1,1,1,0.0,,DR3_3339921875389105152,0,6.1,9.389569,-2.818,-56.350,2016.0
688e3aae4b1fc31164fb8f93,2025B_E473,24496,58.617798657749994,16.615308973300003,600,1,50,1,1,1,0.0,,DR3_43499295632961152,0,5.4,9.389569,214.119,-167.427,2016.0
688e3aae4b1fc31164fb8f92,2025B_E473,24365,58.40777952345832,28.148064883361112,600,1,50,1,1,1,0.0,,DR3_166918475121503104,0,6.3,9.389569,100.761,-10.992,2016.0
688e3aae4b1fc31164fb8f91,2025B_E473,24341,58.71408217112499,52.41919950966944,600,1,50,1,1,1,0.0,,DR3_251931996926401152,0,6.5,9.389569,107.788,-149.466,2016.0
688e3aae4b1fc31164fb8f90,2025B_E473,24238,58.77004481666666,61.165715797069446,600,1,50,1,1,1,0.0,,DR3_474648763011926272,0,6.2,9.389569,437.749,-245.534,2016.0
688e3aae4b1fc31164fb8f8f,2025B_E473,24213,58.04688243208333,25.16234713881944,600,1,50,1,1,1,0.0,,DR3_66892264508548864,0,5.7,9.389569,-123.040,-164.354,2016.0
688e3aae4b1fc31164fb8f8e,2025B_E473,24040,57.59622684274999,17.475252441580555,600,1,50,1,1,1,0.0,,DR3_43802039287826432,0,6.3,9.389569,113.433,-251.101,2016.0
688e3aae4b1fc31164fb8f8d,2025B_E473,23439,56.76235050995833,41.42172296161111,600,1,50,1,1,1,0.0,,DR3_231113736385994624,0,6.6,9.389569,597.916,-1243.838,2016.0
688e3aae4b1fc31164fb8f9a,2025B_E473,25825,61.56774806808332,15.698032862130555,600,1,50,1,1,1,0.0,,DR3_45367056650753280,0,6.8,9.389569,118.965,-19.715,2016.0
688e3aae4b1fc31164fb8f8c,2025B_E473,23356,55.98205373945833,-19.11019954508889,600,1,50,1,1,1,0.0,,DR3_5107106033552702208,0,5.5,9.389569,310.097,157.185,2016.0
688e3aae4b1fc31164fb8faa,2025B_E473,31253,73.68230051358333,12.35200441996111,600,1,50,1,1,1,0.0,,DR3_3295354481521174656,0,6.1,9.389569,90.128,-42.736,2016.0
688e3aae4b1fc31164fb8fac,2025B_E473,31966,75.14099488804166,14.384044652380554,600,1,50,1,1,1,0.0,,DR3_3392510077730740480,0,5.5,9.389569,39.905,52.569,2016.0
688e3aae4b1fc31164fb8fc8,2025B_E473,39881,89.01601210041666,13.922768938380555,600,1,50,1,1,1,0.0,,DR3_3346787986201584896,0,5.4,9.389569,372.933,-482.795,2016.0
688e3aae4b1fc31164fb8fc7,2025B_E473,39715,88.61941872395833,2.139365581661111,600,1,50,1,1,1,0.0,,DR3_3315907411861516160,0,7.0,9.389569,78.670,-645.334,2016.0
688e3aae4b1fc31164fb8fc6,2025B_E473,38858,87.14585811316665,-4.095664047738889,600,1,50,1,1,1,0.0,,DR3_3023711269067191296,0,4.8,9.389569,61.427,-229.291,2016.0
688e3aae4b1fc31164fb8fc5,2025B_E473,38529,86.64512552933333,1.167566977088889,250,1,50,1,1,1,0.0,,DR3_3219847066672970368,0,4.9,9.389569,-77.806,-141.363,2016.0
688e3aae4b1fc31164fb8fc4,2025B_E473,38392,86.10910372270833,-22.42340450563889,600,1,50,1,1,1,0.0,,DR3_2964001014514075520,0,4.8,9.389569,-304.905,-352.606,2016.0
688e3aae4b1fc31164fb8fc3,2025B_E473,38230,86.51057429433331,37.2823823924,600,1,50,1,1,1,0.0,,DR3_3456337827237371264,0,5.8,9.389569,486.410,-510.139,2016.0
688e3aae4b1fc31164fb8fc2,2025B_E473,37962,85.21621425883333,-31.35273018755,600,1,50,1,1,1,0.0,,DR3_2902205991429301888,0,6.7,9.389569,-59.520,-365.147,2016.0
688e3aae4b1fc31164fb8fc1,2025B_E473,3795,10.139887086749997,-23.806466059480556,600,1,50,1,1,1,0.0,,DR3_2347427402266219008,0,5.1,9.389569,668.109,-346.811,2016.0
688e3aae4b1fc31164fb8fc0,2025B_E473,3765,10.207364173624999,40.184198843111105,600,1,50,1,1,1,0.0,,DR3_369092520004831232,0,5.7,9.389569,356.318,-669.205,2016.0
688e3aae4b1fc31164fb8fbf,2025B_E473,37394,85.3347529385,53.47873143856945,600,1,50,1,1,1,0.0,,DR3_263916708025623680,0,4.7,9.389569,2.804,-523.477,2016.0
688e3aae4b1fc31164fb8fbe,2025B_E473,37213,83.92130043704165,-27.621792761069443,600,1,50,1,1,1,0.0,,DR3_2908352467587345152,0,6.9,9.389569,23.652,-217.391,2016.0
688e3aae4b1fc31164fb8fbd,2025B_E473,37124,84.25998285020833,20.728920077319444,600,1,50,1,1,1,0.0,,DR3_3402798414192387328,0,6.4,9.389569,-79.554,-420.042,2016.0
688e3aae4b1fc31164fb8fbc,2025B_E473,37008,84.54549851208331,51.44622307831111,600,1,50,1,1,1,0.0,,DR3_215395053733297024,0,6.1,9.389569,-549.977,107.573,2016.0
688e3aae4b1fc31164fb8fab,2025B_E473,31412,73.98346861420833,4.669578427369445,600,1,50,1,1,1,0.0,,DR3_3239548665775613056,0,6.0,9.389569,133.029,-191.847,2016.0
688e3aae4b1fc31164fb8fbb,2025B_E473,3651,9.838652915458331,21.248833046450002,250,1,50,1,1,1,0.0,,DR3_2802397960855105920,0,4.5,9.389569,-461.948,-369.624,2016.0
688e3aae4b1fc31164fb8fb9,2025B_E473,36308,82.84889013783332,12.555491869969446,600,1,50,1,1,1,0.0,,DR3_3341047161115131904,0,7.0,9.389569,171.991,-135.348,2016.0
688e3aae4b1fc31164fb8fb8,2025B_E473,36003,82.10736002058331,-3.5030993063305558,600,1,50,1,1,1,0.0,,DR3_3210731015768096000,0,5.6,9.389569,-307.985,-797.411,2016.0
688e3aae4b1fc31164fb8fb7,2025B_E473,35974,81.77742445083334,-31.566006079511112,600,1,50,1,1,1,0.0,,DR3_2905038676979959552,0,6.1,9.389569,-58.208,37.640,2016.0
688e3aae4b1fc31164fb8fb6,2025B_E473,35627,81.47111351570832,-6.362783622430555,600,1,50,1,1,1,0.0,,DR3_3208926854625048064,0,6.5,9.389569,-133.804,-22.708,2016.0
688e3aae4b1fc31164fb8fb5,2025B_E473,34745,79.95446269324998,2.5131680650805555,600,1,50,1,1,1,0.0,,DR3_3234481566438473600,0,6.0,9.389569,30.100,-99.417,2016.0
688e3aae4b1fc31164fb8fb4,2025B_E473,34721,79.71210885929165,-18.12978058108889,600,1,50,1,1,1,0.0,,DR3_2981583790287411200,0,5.2,9.389569,385.993,60.963,2016.0
688e3aae4b1fc31164fb8fb3,2025B_E473,34575,80.58433858695831,59.27665235141944,600,1,50,1,1,1,0.0,,DR3_281179246740400384,0,5.8,9.389569,227.617,-283.762,2016.0
688e3aae4b1fc31164fb8fb2,2025B_E473,34411,79.78833900874999,40.09609817128056,200,1,50,1,1,1,0.0,,DR3_188771135583573504,0,3.6,9.389569,520.569,-664.488,2016.0
688e3aae4b1fc31164fb8fb1,2025B_E473,33636,77.944347189375,4.402925294469445,600,1,50,1,1,1,0.0,,DR3_3238810137558836352,0,5.9,9.389569,181.259,-138.193,2016.0
688e3aae4b1fc31164fb8fb0,2025B_E473,33021,76.90961550424998,9.470083031088889,600,1,50,1,1,1,0.0,,DR3_3290765291786058496,0,5.0,9.389569,-5.179,-381.919,2016.0
688e3aae4b1fc31164fb8faf,2025B_E473,32963,76.98200375070832,26.327671408680555,600,1,50,1,1,1,0.0,,DR3_3421680597955802624,0,6.4,9.389569,-69.896,-66.118,2016.0
688e3aae4b1fc31164fb8fae,2025B_E473,32923,76.86503115412498,18.64513194788889,250,1,50,1,1,1,0.0,,DR3_3407611182744289152,0,3.6,9.389569,534.674,18.449,2016.0
688e3aae4b1fc31164fb8fad,2025B_E473,32147,75.20661767204166,-5.758598962919445,600,1,50,1,1,1,0.0,,DR3_3211461469444773376,0,4.4,9.389569,549.309,-1108.245,2016.0
688e3aae4b1fc31164fb8fba,2025B_E473,36395,82.86754111475,-3.6865276019111115,600,1,50,1,1,1,0.0,,DR3_3209938366665770752,0,4.8,9.389569,761.631,-2092.209,2016.0
688e3aae4b1fc31164fb8f8b,2025B_E473,232979,69.422783871375,52.89150297231111,600,1,50,1,1,1,0.0,,DR3_272855565763652480,0,5.9,9.389569,304.125,-475.146,2016.0
688e3aae4b1fc31164fb8f8a,2025B_E473,23249,55.8116633075,-9.760083664069445,100,1,50,1,1,1,0.0,,DR3_5164120762333028736,0,2.0,9.389569,-93.634,744.360,2016.0
688e3aae4b1fc31164fb8f89,2025B_E473,22879,55.09501374570833,-3.21792760285,600,1,50,1,1,1,0.0,,DR3_3250489115709122560,0,5.6,9.389569,690.795,-213.443,2016.0
688e3aae4b1fc31164fb8f67,2025B_E473,216259,342.8616870282916,13.97088350221111,600,1,50,1,1,1,0.0,,DR3_2720132500864789760,0,6.6,9.389569,406.237,202.500,2016.0
688e3aae4b1fc31164fb8f66,2025B_E473,215578,341.49355948924995,19.2502992589,600,1,50,1,1,1,0.0,,DR3_2833458442785266560,0,5.8,9.389569,38.671,9.307,2016.0
688e3aae4b1fc31164fb8f65,2025B_E473,215152,340.83807254570826,-6.402108803280556,600,1,50,1,1,1,0.0,,DR3_2623505219992303104,0,6.4,9.389569,-154.095,-289.915,2016.0
688e3aae4b1fc31164fb8f64,2025B_E473,214749,340.182713251375,-29.67455426806111,600,1,50,1,1,1,0.0,,DR3_6608490501308343168,0,5.8,9.389569,380.494,-16.944,2016.0
688e3aae4b1fc31164fb8f63,2025B_E473,214683,339.96232002037493,4.116599784580555,600,1,50,1,1,1,0.0,,DR3_2704912403783213696,0,6.8,9.389569,178.160,108.808,2016.0
688e3aae4b1fc31164fb8f62,2025B_E473,213519,337.77275003649993,45.14525188936111,600,1,50,1,1,1,0.0,,DR3_1982946891164168576,0,6.5,9.389569,-174.672,34.333,2016.0
688e3aae4b1fc31164fb8f61,2025B_E473,213472,337.70695731987496,40.72223323313056,600,1,50,1,1,1,0.0,,DR3_1909401760972212224,0,6.9,9.389569,-215.990,39.936,2016.0
688e3aae4b1fc31164fb8f60,2025B_E473,21313,51.872466816791665,34.80628217648055,600,1,50,1,1,1,0.0,,DR3_221881583925032192,0,7.1,9.389569,1.458,-76.399,2016.0
688e3aae4b1fc31164fb8f5f,2025B_E473,213042,337.31461830099994,-30.022016820269442,600,1,50,1,1,1,0.0,,DR3_6614285855300051840,0,5.8,9.389569,220.796,-812.302,2016.0
688e3aae4b1fc31164fb8f5e,2025B_E473,212801,336.8798251510416,-31.55434965251111,600,1,50,1,1,1,0.0,,DR3_6602025819613816064,0,6.2,9.389569,15.367,-32.143,2016.0
688e3aae4b1fc31164fb8f5d,2025B_E473,212291,335.7896036020416,9.461240470011111,600,1,50,1,1,1,0.0,,DR3_2723309333554727936,0,6.6,9.389569,305.703,35.542,2016.0
688e3aae4b1fc31164fb8f5c,2025B_E473,21197,51.247846900083324,-5.367170566011111,600,1,50,1,1,1,0.0,,DR3_5170039467784804096,0,5.8,9.389569,-230.883,-768.479,2016.0
688e3aae4b1fc31164fb8f5b,2025B_E473,211681,331.70955204620833,85.40971860711944,600,1,50,1,1,1,0.0,,DR3_2301133839569478144,0,6.9,9.389569,91.947,75.812,2016.0
688e3aae4b1fc31164fb8f68,2025B_E473,216520,341.87667975,83.69754684546945,600,1,50,1,1,1,0.0,,DR3_2299942278201276288,0,6.0,9.389569,-151.770,116.644,2016.0
688e3aae4b1fc31164fb8f5a,2025B_E473,211080,333.6950384625416,-5.8870434953805555,600,1,50,1,1,1,0.0,,DR3_2625977815485464576,0,6.6,9.389569,19.167,-110.726,2016.0
688e3aae4b1fc31164fb8f58,2025B_E473,210460,332.57968930233335,19.615923352400003,600,1,50,1,1,1,0.0,,DR3_1778185149957051008,0,5.4,9.389569,91.958,-93.600,2016.0
688e3aae4b1fc31164fb8f57,2025B_E473,210392,332.55002697429165,-4.9287316801,600,1,50,1,1,1,0.0,,DR3_2627037499880376704,0,7.6,9.389569,23.563,10.354,2016.0
688e3aae4b1fc31164fb8f56,2025B_E473,210312,332.3152309844999,13.670542988888888,600,1,50,1,1,1,0.0,,DR3_2729078230547575808,0,7.4,9.389569,30.418,-77.249,2016.0
688e3aae4b1fc31164fb8f55,2025B_E473,210277,332.37482367637494,-7.550658877488889,600,1,50,1,1,1,0.0,,DR3_2619706544757416192,0,5.3,9.389569,85.407,-450.617,2016.0
688e3aae4b1fc31164fb8f54,2025B_E473,21019A,50.82376065333332,-7.795073361361111,600,1,50,1,1,1,0.0,,DR3_5168359139139252352,0,4.9,9.389569,1.295,-219.292,2016.0
688e3aae4b1fc31164fb8f53,2025B_E473,209875,331.6397274525833,1.8579837668694446,600,1,50,1,1,1,0.0,,DR3_2682402931156166016,0,6.3,9.389569,340.374,190.731,2016.0
688e3aae4b1fc31164fb8f52,2025B_E473,209458,330.79502626424994,18.8842393829,600,1,50,1,1,1,0.0,,DR3_1779546757669063552,0,6.6,9.389569,29.766,-17.976,2016.0
688e3aae4b1fc31164fb8f51,2025B_E473,208801,329.72909555062495,-4.3742343975305555,600,1,50,1,1,1,0.0,,DR3_2669361142702790272,0,4.6,9.389569,-2.327,-253.281,2016.0
688e3aae4b1fc31164fb8f50,2025B_E473,208313,328.6887672407916,32.32752476340001,600,1,50,1,1,1,0.0,,DR3_1898230241798771584,0,6.1,9.389569,209.794,-234.457,2016.0
688e3aae4b1fc31164fb8f4f,2025B_E473,208038,328.27228017974994,20.930072224761112,600,1,50,1,1,1,0.0,,DR3_1781003885454165888,0,6.5,9.389569,-5.257,-100.693,2016.0
688e3aae4b1fc31164fb8f4e,2025B_E473,207874,328.02689087125,1.9055877202694445,600,1,50,1,1,1,0.0,,DR3_2693778993853634304,0,6.7,9.389569,-75.157,-188.519,2016.0
688e3aae4b1fc31164fb8f4d,2025B_E473,20619,49.75902219537499,-2.8436402553305555,600,1,50,1,1,1,0.0,,DR3_3261878613062758144,0,5.9,9.389569,253.735,-100.736,2016.0
688e3aae4b1fc31164fb8f4c,2025B_E473,202751,319.5144695597083,0.16073919918888888,600,1,50,1,1,1,0.0,,DR3_2689454850844597504,0,6.4,9.389569,467.408,-188.341,2016.0
688e3aae4b1fc31164fb8f59,2025B_E473,211038,333.659227638875,-15.82011726066111,600,1,50,1,1,1,0.0,,DR3_2598935670597134464,0,5.0,9.389569,-4.863,-356.761,2016.0
688e3aae4b1fc31164fb8f69,2025B_E473,216899,344.1402217312083,16.552169372280556,600,1,50,1,1,1,0.0,,DR3_2828928008202069376,0,5.4,9.389569,-1034.733,-284.131,2016.0
688e3aae4b1fc31164fb8f6a,2025B_E473,217014,344.3675708158333,20.76910434538889,250,1,50,1,1,1,0.0,,DR3_2835207319109249920,0,4.7,9.389569,207.328,61.164,2016.0
688e3aae4b1fc31164fb8f6b,2025B_E473,217107,344.5647234174583,-2.395451074711111,600,1,50,1,1,1,0.0,,DR3_2648914040357320576,0,4.9,9.389569,-6.819,-15.040,2016.0
688e3aae4b1fc31164fb8f88,2025B_E473,225261,1.2365238884166665,23.269596317369444,600,1,50,1,1,1,0.0,,DR3_2848150288954631296,0,6.4,9.389569,382.667,-7.444,2016.0
688e3aae4b1fc31164fb8f87,2025B_E473,224619,359.8708680614583,-20.035973764219445,600,1,50,1,1,1,0.0,,DR3_2341817487782612480,0,6.1,9.389569,507.592,-283.686,2016.0
688e3aae4b1fc31164fb8f86,2025B_E473,224383,359.39171899637495,-9.648170093869444,600,1,50,1,1,1,0.0,,DR3_2434956499296915200,0,6.7,9.389569,456.933,-146.348,2016.0
688e3aae4b1fc31164fb8f85,2025B_E473,223691,357.95274248958333,-33.45221002623056,600,1,50,1,1,1,0.0,,DR3_2313818699058718208,0,6.5,9.389569,-17.194,63.634,2016.0
688e3aae4b1fc31164fb8f84,2025B_E473,223498,357.5259934746666,2.877999504911111,600,1,50,1,1,1,0.0,,DR3_2742734268045411328,0,7.0,9.389569,460.157,185.922,2016.0
688e3aae4b1fc31164fb8f83,2025B_E473,223315,357.154828207625,-15.211069639719444,600,1,50,1,1,1,0.0,,DR3_2418888545604922240,0,7.5,9.389569,209.735,-98.394,2016.0
688e3aae4b1fc31164fb8f82,2025B_E473,223238,356.96992833524996,4.1753372513,600,1,50,1,1,1,0.0,,DR3_2743198605549406464,0,6.6,9.389569,352.541,-31.590,2016.0
688e3aae4b1fc31164fb8f81,2025B_E473,22282,53.80421676262499,-0.7394323361694444,600,1,50,1,1,1,0.0,,DR3_3263319007654791552,0,7.2,9.389569,103.340,-119.580,2016.0
688e3aae4b1fc31164fb8f80,2025B_E473,222697,355.73580121187496,0.2398423643888889,600,1,50,1,1,1,0.0,,DR3_2642917402722969856,0,7.3,9.389569,37.149,23.950,2016.0
688e3aae4b1fc31164fb8f7f,2025B_E473,222582,355.4640585445833,-5.986253467419444,600,1,50,1,1,1,0.0,,DR3_2440578577126302336,0,6.5,9.389569,-145.492,-111.458,2016.0
688e3aae4b1fc31164fb8f7e,2025B_E473,221851,353.85568096391665,31.160059296819444,600,1,50,1,1,1,0.0,,DR3_2871343486014101888,0,6.4,9.389569,-197.638,-280.774,2016.0
688e3aae4b1fc31164fb8f7d,2025B_E473,221356,352.88205525937497,-4.088255567769444,600,1,50,1,1,1,0.0,,DR3_2633449134434620288,0,5.5,9.389569,178.130,-191.845,2016.0
688e3aae4b1fc31164fb8f7c,2025B_E473,221354,352.8521304706666,59.16602319741944,600,1,50,1,1,1,0.0,,DR3_2011251030583236352,0,5.3,9.389569,1106.442,113.402,2016.0
688e3aae4b1fc31164fb8f7b,2025B_E473,22072,53.535349310541655,17.831448652061113,600,1,50,1,1,1,0.0,,DR3_56413781254974080,0,4.9,9.389569,94.382,-310.448,2016.0
688e3aae4b1fc31164fb8f7a,2025B_E473,22049,53.228293415166654,-9.458168216288888,100,1,50,1,1,1,0.0,,DR3_5164707970261890560,0,2.2,9.389569,-974.758,20.876,2016.0
688e3aae4b1fc31164fb8f79,2025B_E473,220339,350.7724431425833,-10.76308682815,600,1,50,1,1,1,0.0,,DR3_2436812303124645504,0,6.2,9.389569,452.192,260.311,2016.0
688e3aae4b1fc31164fb8f78,2025B_E473,220221,350.43645088,45.17572884076111,600,1,50,1,1,1,0.0,,DR3_1937923436193950080,0,6.3,9.389569,196.246,-73.035,2016.0
688e3aae4b1fc31164fb8f77,2025B_E473,219953,349.99657699224997,28.867406029538888,600,1,50,1,1,1,0.0,,DR3_2869936905701172352,0,7.2,9.389569,742.809,-82.536,2016.0
688e3aae4b1fc31164fb8f76,2025B_E473,219834B,349.7787385104999,-13.455716149119445,600,1,50,1,1,1,0.0,,DR3_2411855072801159040,0,6.0,9.389569,306.661,-104.798,2016.0
688e3aae4b1fc31164fb8f75,2025B_E473,219538,349.07751158187494,30.670603484869446,600,1,50,1,1,1,0.0,,DR3_1909581805999126784,0,6.5,9.389569,358.928,89.454,2016.0
688e3aae4b1fc31164fb8f74,2025B_E473,219134,348.33773395483325,57.16966644273889,250,1,50,1,1,1,0.0,,DR3_2009481748875806976,0,3.9,9.389569,2074.414,294.452,2016.0
688e3aae4b1fc31164fb8f73,2025B_E473,218868,347.70810989566667,45.51099625165,600,1,50,1,1,1,0.0,,DR3_1935133906477014016,0,5.6,9.389569,-86.646,-287.120,2016.0
688e3aae4b1fc31164fb8f72,2025B_E473,218566,347.2975048258749,-2.26117806595,600,1,50,1,1,1,0.0,,DR3_2638410646295370880,0,6.8,9.389569,631.540,-97.397,2016.0
688e3aae4b1fc31164fb8f71,2025B_E473,218209,346.2825376275416,68.41778877876112,600,1,50,1,1,1,0.0,,DR3_2213415145505277824,0,6.2,9.389569,592.313,162.919,2016.0
688e3aae4b1fc31164fb8f70,2025B_E473,218168,346.01094294599994,74.4775773317889,600,1,50,1,1,1,0.0,,DR3_2232698930187470336,0,7.0,9.389569,107.806,34.765,2016.0
688e3aae4b1fc31164fb8f6f,2025B_E473,217877,345.99006667,-4.794693616038889,600,1,50,1,1,1,0.0,,DR3_2635543704085589504,0,5.6,9.389569,320.102,37.754,2016.0
688e3aae4b1fc31164fb8f6e,2025B_E473,21774,52.81373010120832,20.76721140501111,600,1,50,1,1,1,0.0,,DR3_58324212771048832,0,6.9,9.389569,-112.366,-194.659,2016.0
688e3aae4b1fc31164fb8f6d,2025B_E473,217357,345.0628353199583,-22.52408921275,600,1,50,1,1,1,0.0,,DR3_2396530698208685312,0,5.3,9.389569,-902.073,58.045,2016.0
688e3aae4b1fc31164fb8f6c,2025B_E473,217165,344.6249816379166,9.8255520105,600,1,50,1,1,1,0.0,,DR3_2714977131360438272,0,6.6,9.389569,109.738,-1.637,2016.0
688e3aae4b1fc31164fb8fc9,2025B_E473,40397,89.59006701995833,-4.6515632263611115,600,1,50,1,1,1,0.0,,DR3_3022685626580347392,0,5.7,9.389569,74.849,-200.354,2016.0
688e3aae4b1fc31164fb8fca,2025B_E473,40647,91.52192644762498,69.47586226071111,600,1,50,1,1,1,0.0,,DR3_1107146846976017152,0,6.8,9.389569,-174.569,-70.671,2016.0
688e3aae4b1fc31164fb8fcb,2025B_E473,40979,91.12535302458332,44.25976431298889,600,1,50,1,1,1,0.0,,DR3_961428192989499904,0,5.7,9.389569,95.066,-152.651,2016.0
688e3aae4b1fc31164fb8fcc,2025B_E473,41593,91.668101663625,15.541645308261112,600,1,50,1,1,1,0.0,,DR3_3345968334645285376,0,5.3,9.389569,-120.716,-103.486,2016.0
688e3aaf4b1fc31164fb9029,2025B_E473,88072,152.34671840933333,2.3710530679194446,600,1,50,1,1,1,0.0,,DR3_3835743693290897152,0,6.4,9.389569,-202.983,-6.533,2016.0
688e3aaf4b1fc31164fb9028,2025B_E473,87883,152.1794067795833,34.24198989808889,600,1,50,1,1,1,0.0,,DR3_747266452000257280,0,5.8,9.389569,-64.293,-61.438,2016.0
688e3aaf4b1fc31164fb9027,2025B_E473,87836,152.12523713045832,33.51386781276111,600,1,50,1,1,1,0.0,,DR3_747090839376823552,0,6.3,9.389569,157.169,-164.937,2016.0
688e3aae4b1fc31164fb9026,2025B_E473,8765,21.579485365166665,-4.674550200719445,600,1,50,1,1,1,0.0,,DR3_2482274463233174016,0,6.9,9.389569,-105.444,-113.735,2016.0
688e3aae4b1fc31164fb9025,2025B_E473,87424,151.15604256354163,-11.729808870319445,600,1,50,1,1,1,0.0,,DR3_3766401961693098368,0,6.6,9.389569,-191.589,-24.527,2016.0
688e3aae4b1fc31164fb9024,2025B_E473,87359,151.11219545083333,-7.219299190919444,600,1,50,1,1,1,0.0,,DR3_3773112865272176512,0,6.2,9.389569,127.846,-202.229,2016.0
688e3aae4b1fc31164fb9023,2025B_E473,86728,150.24996758591666,31.921761975680557,250,1,50,1,1,1,0.0,,DR3_746545172372256384,0,4.3,9.389569,-528.871,-429.376,2016.0
688e3aae4b1fc31164fb9022,2025B_E473,8648,21.334080942333333,1.460583860261111,600,1,50,1,1,1,0.0,,DR3_2559181861327324928,0,6.2,9.389569,68.188,-61.648,2016.0
688e3aae4b1fc31164fb9021,2025B_E473,8574,21.303420430416665,28.565994976119445,600,1,50,1,1,1,0.0,,DR3_297045096447719040,0,6.0,9.389569,251.270,-157.570,2016.0
688e3aae4b1fc31164fb9020,2025B_E473,84737,147.14879992679167,46.0205969308,250,1,50,1,1,1,0.0,,DR3_821455861647126656,0,4.1,9.389569,221.750,-92.356,2016.0
688e3aae4b1fc31164fb901f,2025B_E473,84117,145.55812521274996,-23.914401382938888,200,1,50,1,1,1,0.0,,DR3_5663558453071724288,0,4.1,9.389569,-399.497,262.319,2016.0
688e3aae4b1fc31164fb901e,2025B_E473,84035,145.85713451058334,42.68788925776944,600,1,50,1,1,1,0.0,,DR3_819750862709551360,0,6.1,9.389569,35.787,-826.052,2016.0
688e3aae4b1fc31164fb901d,2025B_E473,8389,20.763101234666664,-12.966182074119443,600,1,50,1,1,1,0.0,,DR3_2456361448068627712,0,6.4,9.389569,461.900,-25.696,2016.0
688e3aaf4b1fc31164fb902a,2025B_E473,88230,152.83292895825,49.4519888971,600,1,50,1,1,1,0.0,,DR3_823773494718931968,0,4.0,9.389569,-1363.287,-505.770,2016.0
688e3aae4b1fc31164fb901c,2025B_E473,8375,20.907446015374997,34.246413483980554,600,1,50,1,1,1,0.0,,DR3_319946961581873280,0,4.8,9.389569,244.724,123.359,2016.0
688e3aae4b1fc31164fb901a,2025B_E473,8038,19.870991526375,-24.951748689969445,600,1,50,1,1,1,0.0,,DR3_5040068191130125056,0,7.2,9.389569,-22.081,-121.848,2016.0
688e3aae4b1fc31164fb9019,2025B_E473,80367,139.86735722183332,0.8965017669805555,600,1,50,1,1,1,0.0,,DR3_3844124407140189440,0,6.6,9.389569,-137.444,-125.758,2016.0
688e3aae4b1fc31164fb9018,2025B_E473,7924,20.495635015916665,76.7101429668889,600,1,50,1,1,1,0.0,,DR3_560130775546153344,0,5.6,9.389569,-34.767,-32.724,2016.0
688e3aae4b1fc31164fb9017,2025B_E473,79211,138.59131179666662,52.68342944183888,600,1,50,1,1,1,0.0,,DR3_1022456104850892928,0,4.8,9.389569,-1573.040,-659.906,2016.0
688e3aae4b1fc31164fb9016,2025B_E473,79210,138.58356161520828,52.68408016691111,600,1,50,1,1,1,0.0,,DR3_1022456139210632064,0,4.9,9.389569,-1545.787,-569.053,2016.0
688e3aae4b1fc31164fb9015,2025B_E473,76909,134.84367840562498,7.414375253330556,600,1,50,1,1,1,0.0,,DR3_584923525799308160,0,6.6,9.389569,95.788,-136.522,2016.0
688e3aae4b1fc31164fb9014,2025B_E473,75732,133.14676062083333,28.32978300036111,600,1,50,1,1,1,0.0,,DR3_704967037090946688,0,4.6,9.389569,-485.681,-233.517,2016.0
688e3aae4b1fc31164fb9013,2025B_E473,74156,130.6047847747083,4.577206096419444,600,1,50,1,1,1,0.0,,DR3_582221750852254080,0,6.6,9.389569,24.666,-200.238,2016.0
688e3aae4b1fc31164fb9012,2025B_E473,73667,129.961137097125,11.520447728819445,600,1,50,1,1,1,0.0,,DR3_602079652404802688,0,6.0,9.389569,-109.222,-500.395,2016.0
688e3aae4b1fc31164fb9011,2025B_E473,73344,129.68943839612496,23.68524446703889,600,1,50,1,1,1,0.0,,DR3_666427539629086976,0,5.8,9.389569,-47.495,-148.502,2016.0
688e3aae4b1fc31164fb9010,2025B_E473,72673,128.20875984158332,-31.497462976880556,600,1,50,1,1,1,0.0,,DR3_5640565607657897728,0,5.3,9.389569,-1113.739,762.420,2016.0
688e3aae4b1fc31164fb900f,2025B_E473,72659,128.51279162983332,-1.5686456510194444,600,1,50,1,1,1,0.0,,DR3_3073443760538892032,0,6.4,9.389569,-112.313,-96.386,2016.0
688e3aae4b1fc31164fb900e,2025B_E473,71881,127.97874057462501,50.6151809368,600,1,50,1,1,1,0.0,,DR3_1027330446055197952,0,6.3,9.389569,-82.058,-339.866,2016.0
688e3aae4b1fc31164fb901b,2025B_E473,8328,20.869600498499995,46.890435105780554,600,1,50,1,1,1,0.0,,DR3_398265174829845504,0,7.1,9.389569,104.268,-44.978,2016.0
688e3aaf4b1fc31164fb902b,2025B_E473,88371,152.94844223704166,23.755527569980554,600,1,50,1,1,1,0.0,,DR3_726277595364398336,0,7.2,9.389569,-379.698,74.708,2016.0
688e3aaf4b1fc31164fb902c,2025B_E473,88725,153.53575189216664,3.1495147694305556,600,1,50,1,1,1,0.0,,DR3_3835867938104798848,0,6.5,9.389569,230.345,-401.166,2016.0
688e3aaf4b1fc31164fb902d,2025B_E473,88986,154.116676480625,28.6820575745,600,1,50,1,1,1,0.0,,DR3_741184091114529792,0,5.2,9.389569,-65.871,-95.703,2016.0
688e3aaf4b1fc31164fb904a,2025B_E473,GL908,357.30660382312493,2.3969179442,600,1,50,1,1,1,0.0,,DR3_2739689239311660672,0,5.8,9.389569,992.720,-968.806,2016.0
688e3aaf4b1fc31164fb9049,2025B_E473,GL412A,166.34205974424998,43.53094856108056,600,1,50,1,1,1,0.0,,DR3_778947814402602752,0,5.5,9.389569,-4406.469,938.527,2016.0
688e3aaf4b1fc31164fb9048,2025B_E473,GL397,157.84731232129167,45.52340641448889,600,1,50,1,1,1,0.0,,DR3_830239138487431808,0,6.4,9.389569,-566.217,-594.759,2016.0
688e3aaf4b1fc31164fb9047,2025B_E473,9986,24.420876424083332,12.07840782993889,600,1,50,1,1,1,0.0,,DR3_2585856120791459584,0,5.6,9.389569,120.372,6.115,2016.0
688e3aaf4b1fc31164fb9046,2025B_E473,99492,171.68958576404165,3.0071593347888887,600,1,50,1,1,1,0.0,,DR3_3812355294262255104,0,5.9,9.389569,-728.131,188.554,2016.0
688e3aaf4b1fc31164fb9045,2025B_E473,99491,171.68560957308333,3.0139034277694443,600,1,50,1,1,1,0.0,,DR3_3812355328621651328,0,5.2,9.389569,-725.963,180.980,2016.0
688e3aaf4b1fc31164fb9044,2025B_E473,98618,170.3714742609583,58.484488637819446,600,1,50,1,1,1,0.0,,DR3_856774374153131008,0,6.4,9.389569,41.431,28.537,2016.0
688e3aaf4b1fc31164fb9043,2025B_E473,98281,169.59526228049998,-5.0679732267999995,600,1,50,1,1,1,0.0,,DR3_3786697056556771584,0,5.9,9.389569,795.006,-150.916,2016.0
688e3aaf4b1fc31164fb9042,2025B_E473,97658,168.63764182699995,25.710602965269445,600,1,50,1,1,1,0.0,,DR3_3997075206232885888,0,6.2,9.389569,-107.475,48.770,2016.0
688e3aaf4b1fc31164fb9041,2025B_E473,97343,168.00631107374997,-26.1369590712,600,1,50,1,1,1,0.0,,DR3_3532823773073745536,0,5.7,9.389569,272.171,-65.147,2016.0
688e3aaf4b1fc31164fb9040,2025B_E473,97101,167.77459970524998,30.445141490469446,600,1,50,1,1,1,0.0,,DR3_732857558276385664,0,5.8,9.389569,591.600,-197.124,2016.0
688e3aaf4b1fc31164fb903f,2025B_E473,96700,166.97418043058332,-30.175156666950002,600,1,50,1,1,1,0.0,,DR3_5452492082132835840,0,5.4,9.389569,-505.371,-132.293,2016.0
688e3aaf4b1fc31164fb903e,2025B_E473,9562,23.429264079958333,-7.025711115969444,250,1,50,1,1,1,0.0,,DR3_2477891500647336704,0,4.6,9.389569,174.613,-82.577,2016.0
688e3aaf4b1fc31164fb903d,2025B_E473,9540A,23.31719926675,-24.178664853361113,600,1,50,1,1,1,0.0,,DR3_5038817840251308288,0,5.7,9.389569,272.586,-158.673,2016.0
688e3aaf4b1fc31164fb903c,2025B_E473,95128,164.86470311866665,40.43050097561111,250,1,50,1,1,1,0.0,,DR3_777254360337133312,0,4.0,9.389569,-316.850,55.180,2016.0
688e3aaf4b1fc31164fb903b,2025B_E473,9407,23.633921284291663,68.94864548480001,600,1,50,1,1,1,0.0,,DR3_532057254394731776,0,5.3,9.389569,-378.414,114.625,2016.0
688e3aaf4b1fc31164fb903a,2025B_E473,93745,162.2530929682083,-31.05956051615,600,1,50,1,1,1,0.0,,DR3_5451451119499169152,0,6.4,9.389569,179.084,-93.346,2016.0
688e3aaf4b1fc31164fb9039,2025B_E473,9331,23.260655308124996,53.03381770423055,600,1,50,1,1,1,0.0,,DR3_407441733236422912,0,7.1,9.389569,219.778,13.603,2016.0
688e3aaf4b1fc31164fb9038,2025B_E473,92788,160.7021330190833,-2.1847481998388885,600,1,50,1,1,1,0.0,,DR3_3802549437248150656,0,6.1,9.389569,-14.879,-223.013,2016.0
688e3aaf4b1fc31164fb9037,2025B_E473,92719,160.55657654912497,-13.788479094519444,600,1,50,1,1,1,0.0,,DR3_3750995604764854400,0,5.6,9.389569,234.441,-172.093,2016.0
688e3aaf4b1fc31164fb9036,2025B_E473,91204,158.02300352866664,17.989652902180556,600,1,50,1,1,1,0.0,,DR3_3890713708401628800,0,6.7,9.389569,18.139,-18.382,2016.0
688e3aaf4b1fc31164fb9035,2025B_E473,90875,157.6919339550833,59.749811033580556,600,1,50,1,1,1,0.0,,DR3_1047559604579391872,0,6.7,9.389569,-437.987,-288.931,2016.0
688e3aaf4b1fc31164fb9034,2025B_E473,90722,157.05777553316665,-16.288774283311113,600,1,50,1,1,1,0.0,,DR3_3748775965666132992,0,6.6,9.389569,-55.140,86.321,2016.0
688e3aaf4b1fc31164fb9033,2025B_E473,90711,157.048939944625,-6.601831687488889,600,1,50,1,1,1,0.0,,DR3_3775795982881589376,0,6.5,9.389569,-374.540,-281.721,2016.0
688e3aaf4b1fc31164fb9032,2025B_E473,9070,22.465205358291666,31.00733962475,600,1,50,1,1,1,0.0,,DR3_315377872293129344,0,6.7,9.389569,227.745,0.995,2016.0
688e3aaf4b1fc31164fb9031,2025B_E473,90156,155.98010817595832,-29.645089201280555,600,1,50,1,1,1,0.0,,DR3_5461620846141553024,0,5.7,9.389569,-39.159,99.302,2016.0
688e3aaf4b1fc31164fb9030,2025B_E473,90125,156.055104634625,2.3679178864,600,1,50,1,1,1,0.0,,DR3_3856535423812160640,0,4.9,9.389569,44.891,-22.422,2016.0
688e3aaf4b1fc31164fb902f,2025B_E473,89391,154.60480012174997,-26.500534030469446,600,1,50,1,1,1,0.0,,DR3_5471983605794172800,0,6.2,9.389569,37.070,-42.343,2016.0
688e3aaf4b1fc31164fb902e,2025B_E473,89269,154.716830991625,44.046986093,600,1,50,1,1,1,0.0,,DR3_806000816970521728,0,5.4,9.389569,61.772,-300.268,2016.0
688e3aae4b1fc31164fb900d,2025B_E473,71479,126.89580209174997,-5.148995117361111,600,1,50,1,1,1,0.0,,DR3_3065191272937568896,0,6.1,9.389569,-124.940,-80.693,2016.0
688e3aae4b1fc31164fb8f4b,2025B_E473,202575,319.1359355176666,9.393299358330555,600,1,50,1,1,1,0.0,,DR3_1743592452563243136,0,6.1,9.389569,145.631,-118.603,2016.0
688e3aae4b1fc31164fb900c,2025B_E473,71334,126.45702897570831,-29.931892601030558,600,1,50,1,1,1,0.0,,DR3_5644325284591298688,0,6.6,9.389569,139.242,-292.471,2016.0
688e3aae4b1fc31164fb900a,2025B_E473,69809,124.80595154833333,14.200788880230554,600,1,50,1,1,1,0.0,,DR3_652212812787763200,0,6.7,9.389569,35.770,24.572,2016.0
688e3aae4b1fc31164fb8fe8,2025B_E473,50806,103.39285496654165,-28.54175769418889,600,1,50,1,1,1,0.0,,DR3_5609058277323483392,0,4.8,9.389569,282.212,-441.741,2016.0
688e3aae4b1fc31164fb8fe7,2025B_E473,50692,103.82759156604166,25.375803135430555,250,1,50,1,1,1,0.0,,DR3_3381727613874753536,0,4.9,9.389569,-37.595,24.234,2016.0
688e3aae4b1fc31164fb8fe6,2025B_E473,50639,103.43646771766664,-9.515603417969444,600,1,50,1,1,1,0.0,,DR3_3050309864100076544,0,6.0,9.389569,-68.858,-31.189,2016.0
688e3aae4b1fc31164fb8fe5,2025B_E473,50554,103.67826759483333,24.245127500111114,600,1,50,1,1,1,0.0,,DR3_3380479015342121600,0,5.8,9.389569,-35.839,-96.668,2016.0
688e3aae4b1fc31164fb8fe4,2025B_E473,50281,103.072784316125,-5.1737282932,600,1,50,1,1,1,0.0,,DR3_3101923001490347392,0,5.0,9.389569,-543.690,-3.515,2016.0
688e3aae4b1fc31164fb8fe3,2025B_E473,4915,12.796367991916664,-5.039807177769444,600,1,50,1,1,1,0.0,,DR3_2525514785221197696,0,5.8,9.389569,261.885,-119.043,2016.0
688e3aae4b1fc31164fb8fe2,2025B_E473,48938,101.21643794479165,-27.340361328238888,600,1,50,1,1,1,0.0,,DR3_2918894859953947392,0,5.4,9.389569,-5.874,293.784,2016.0
688e3aae4b1fc31164fb8fe1,2025B_E473,48682,101.68472063329166,43.57815575951111,250,1,50,1,1,1,0.0,,DR3_952326504452337792,0,4.4,9.389569,-2.705,164.523,2016.0
688e3aae4b1fc31164fb8fe0,2025B_E473,4747,12.364012048583332,-23.2119122643,600,1,50,1,1,1,0.0,,DR3_2348830516542653824,0,5.8,9.389569,519.049,124.041,2016.0
688e3aae4b1fc31164fb8fdf,2025B_E473,47157,99.38221418891666,9.143923478888889,600,1,50,1,1,1,0.0,,DR3_3326573774163806336,0,6.4,9.389569,-59.641,-80.411,2016.0
688e3aae4b1fc31164fb8fde,2025B_E473,46375,98.30309186645832,5.46249369425,600,1,50,1,1,1,0.0,,DR3_3131777319158581376,0,6.5,9.389569,111.624,-96.952,2016.0
688e3aae4b1fc31164fb8fdd,2025B_E473,4628,12.099107075166666,5.275539446919445,250,1,50,1,1,1,0.0,,DR3_2552925644460225152,0,4.4,9.389569,755.894,-1141.719,2016.0
688e3aae4b1fc31164fb8fdc,2025B_E473,4614,12.285227381499999,57.81272812558888,100,1,50,1,1,1,0.0,,DR3_425040000962559616,0,2.4,9.389569,1078.609,-551.133,2016.0
688e3aae4b1fc31164fb8fe9,2025B_E473,51219,104.14239928224998,1.159517062361111,600,1,50,1,1,1,0.0,,DR3_3113909602378333056,0,6.1,9.389569,-8.852,-577.550,2016.0
688e3aae4b1fc31164fb8fdb,2025B_E473,45588,96.79649729041665,-25.857460600680557,600,1,50,1,1,1,0.0,,DR3_2899947933845777920,0,5.1,9.389569,-173.209,-216.599,2016.0
688e3aae4b1fc31164fb8fd9,2025B_E473,45184,96.18199432229166,-28.78065704295,600,1,50,1,1,1,0.0,,DR3_2898239468873596800,0,5.2,9.389569,-165.122,-121.852,2016.0
688e3aae4b1fc31164fb8fd8,2025B_E473,45067,96.32000541037499,-0.9468533456694445,250,1,50,1,1,1,0.0,,DR3_3118434397663311360,0,5.1,9.389569,239.051,-218.350,2016.0
688e3aae4b1fc31164fb8fd7,2025B_E473,44985,96.33379443308333,11.232993370011112,600,1,50,1,1,1,0.0,,DR3_3330686669209149824,0,6.0,9.389569,-123.071,-56.795,2016.0
688e3aae4b1fc31164fb8fd6,2025B_E473,44420,95.43138933274999,-0.539822405,600,1,50,1,1,1,0.0,,DR3_3118688251708604928,0,6.5,9.389569,-2.579,-156.480,2016.0
688e3aae4b1fc31164fb8fd5,2025B_E473,43947,94.91731984858332,16.013183191030556,600,1,50,1,1,1,0.0,,DR3_3369088315397965056,0,5.5,9.389569,-15.289,-14.625,2016.0
688e3aae4b1fc31164fb8fd4,2025B_E473,43745,94.265596320625,-22.716383831288887,600,1,50,1,1,1,0.0,,DR3_2937506911753275008,0,5.1,9.389569,125.603,-259.383,2016.0
688e3aae4b1fc31164fb8fd3,2025B_E473,4307,11.369377767333333,-12.881722089788889,600,1,50,1,1,1,0.0,,DR3_2376087581593256448,0,5.0,9.389569,-33.606,-205.497,2016.0
688e3aae4b1fc31164fb8fd2,2025B_E473,42618,93.00324485733333,6.781938865430556,600,1,50,1,1,1,0.0,,DR3_3319126988068404096,0,5.7,9.389569,197.247,-254.867,2016.0
688e3aae4b1fc31164fb8fd1,2025B_E473,42581,92.64357908166666,-21.867823113230557,600,1,50,1,1,1,0.0,,DR3_2940856402123426176,0,5.1,9.389569,-135.692,-719.178,2016.0
688e3aae4b1fc31164fb8fd0,2025B_E473,4256,11.270169214333333,1.7829751169499999,600,1,50,1,1,1,0.0,,DR3_2549518150551364864,0,6.3,9.389569,-49.971,-572.962,2016.0
688e3aae4b1fc31164fb8fcf,2025B_E473,42250,94.01099682874998,70.77960480446944,600,1,50,1,1,1,0.0,,DR3_1107458592882148096,0,6.0,9.389569,-12.712,-443.288,2016.0
688e3aae4b1fc31164fb8fce,2025B_E473,4208,11.11260186458333,-26.51501843891111,600,1,50,1,1,1,0.0,,DR3_2343647384368388608,0,6.6,9.389569,313.556,149.324,2016.0
688e3aae4b1fc31164fb8fcd,2025B_E473,4203,11.172246871999999,20.448375227211113,600,1,50,1,1,1,0.0,,DR3_2801366000472903040,0,7.4,9.389569,122.100,-124.204,2016.0
688e3aae4b1fc31164fb8fda,2025B_E473,45350,97.19021847783333,38.96272410373889,600,1,50,1,1,1,0.0,,DR3_955758320761687680,0,6.6,9.389569,-42.748,-53.736,2016.0
688e3aae4b1fc31164fb8fea,2025B_E473,51419,104.54919118841666,22.476318087438887,600,1,50,1,1,1,0.0,,DR3_3379989457790428416,0,5.7,9.389569,48.267,97.515,2016.0
688e3aae4b1fc31164fb8feb,2025B_E473,51866,105.41444095162498,48.376749974,600,1,50,1,1,1,0.0,,DR3_978615483876384000,0,6.2,9.389569,546.376,-432.009,2016.0
688e3aae4b1fc31164fb8fec,2025B_E473,52265,105.07462866479166,-5.366802991188888,600,1,50,1,1,1,0.0,,DR3_3101382419728401408,0,5.2,9.389569,-116.513,80.633,2016.0
688e3aae4b1fc31164fb9009,2025B_E473,68988,124.59358012858333,61.4608560794,600,1,50,1,1,1,0.0,,DR3_1090159839002347136,0,7.1,9.389569,128.266,30.427,2016.0
688e3aae4b1fc31164fb9008,2025B_E473,68978,123.39200276366667,-31.73471085405,600,1,50,1,1,1,0.0,,DR3_5548164986925169024,0,5.6,9.389569,-333.359,151.422,2016.0
688e3aae4b1fc31164fb9007,2025B_E473,6872B,17.529392193708333,51.742646619,600,1,50,1,1,1,0.0,,DR3_404047781359072640,0,7.5,9.389569,-66.343,-25.667,2016.0
688e3aae4b1fc31164fb9006,2025B_E473,68168,122.95476106274998,16.522713269430554,600,1,50,1,1,1,0.0,,DR3_656546537868692480,0,6.1,9.389569,-41.322,-258.467,2016.0
688e3aae4b1fc31164fb9005,2025B_E473,68017,122.90850193183333,32.45430347668056,600,1,50,1,1,1,0.0,,DR3_902007870203594880,0,5.5,9.389569,-484.990,-643.444,2016.0
688e3aae4b1fc31164fb9004,2025B_E473,67767,122.61289433224998,25.50578775675,250,1,50,1,1,1,0.0,,DR3_681096777089578112,0,4.0,9.389569,-72.954,-347.888,2016.0
688e3aae4b1fc31164fb9003,2025B_E473,67458,121.75390919458331,-29.40451664156111,600,1,50,1,1,1,0.0,,DR3_5596797039059063680,0,5.7,9.389569,339.644,-355.148,2016.0
688e3aae4b1fc31164fb9002,2025B_E473,6734,16.999245932083333,1.991103775938889,600,1,50,1,1,1,0.0,,DR3_2538316124224549376,0,4.9,9.389569,145.346,-437.989,2016.0
688e3aae4b1fc31164fb9001,2025B_E473,66428,120.86915625245834,-1.16363058805,600,1,50,1,1,1,0.0,,DR3_3083043390405346432,0,7.0,9.389569,-65.766,-206.999,2016.0
688e3aae4b1fc31164fb9000,2025B_E473,66171,122.04052824924997,71.9224411588389,600,1,50,1,1,1,0.0,,DR3_1122811657854754560,0,7.0,9.389569,-237.596,-447.894,2016.0
688e3aae4b1fc31164fb8fff,2025B_E473,65583,120.13300863258331,29.207176720380556,600,1,50,1,1,1,0.0,,DR3_876370076542359936,0,5.5,9.389569,-169.918,-1164.932,2016.0
688e3aae4b1fc31164fb8ffe,2025B_E473,6558,16.607472457,-0.7496090598805555,600,1,50,1,1,1,0.0,,DR3_2533207140366790272,0,7.2,9.389569,70.958,-35.255,2016.0
688e3aae4b1fc31164fb8ffd,2025B_E473,65430,119.89225239062499,20.841402819230556,600,1,50,1,1,1,0.0,,DR3_670853314448533888,0,6.1,9.389569,176.032,-568.327,2016.0
688e3aae4b1fc31164fb8ffc,2025B_E473,65277,119.49006924383332,-0.8143767088305556,600,1,50,1,1,1,0.0,,DR3_3083867749248355456,0,6.2,9.389569,-157.142,7.580,2016.0
688e3aae4b1fc31164fb8ffb,2025B_E473,63754,117.43844184454164,-20.20819169385,600,1,50,1,1,1,0.0,,DR3_5712673641791603968,0,5.5,9.389569,-33.726,-125.768,2016.0
688e3aae4b1fc31164fb8ffa,2025B_E473,62613,119.05927122870833,80.26593957501944,600,1,50,1,1,1,0.0,,DR3_1139252071109797760,0,5.2,9.389569,-476.159,89.330,2016.0
688e3aae4b1fc31164fb8ff9,2025B_E473,61606,114.99751462574999,-3.598743712838889,600,1,50,1,1,1,0.0,,DR3_3057712223051571200,0,5.5,9.389569,70.078,-278.117,2016.0
688e3aae4b1fc31164fb8ff8,2025B_E473,6101,15.603777021125001,5.062519159830555,600,1,50,1,1,1,0.0,,DR3_2552288133874677760,0,6.2,9.389569,329.920,216.275,2016.0
688e3aae4b1fc31164fb8ff7,2025B_E473,60491,113.60867243341666,-6.896868195480555,600,1,50,1,1,1,0.0,,DR3_3054448838181163520,0,6.6,9.389569,-80.259,-43.044,2016.0
688e3aae4b1fc31164fb8ff6,2025B_E473,58781,111.96214263637498,19.04447957285,600,1,50,1,1,1,0.0,,DR3_3362649918901844608,0,5.9,9.389569,117.630,-70.447,2016.0
688e3aae4b1fc31164fb8ff5,2025B_E473,56303,109.15203982345831,1.878249310838889,600,1,50,1,1,1,0.0,,DR3_3111942885310862848,0,6.2,9.389569,58.288,-116.392,2016.0
688e3aae4b1fc31164fb8ff4,2025B_E473,56274,108.95931641149998,-13.048694778530555,600,1,50,1,1,1,0.0,,DR3_3033005406506033664,0,6.6,9.389569,-510.852,176.964,2016.0
688e3aae4b1fc31164fb8ff3,2025B_E473,55575,108.95911015474998,47.239137134419444,250,1,50,1,1,1,0.0,,DR3_974887555341533440,0,4.5,9.389569,30.079,-185.905,2016.0
688e3aae4b1fc31164fb8ff2,2025B_E473,5470,14.16804359008333,17.959640520130556,600,1,50,1,1,1,0.0,,DR3_2787850494306538880,0,7.2,9.389569,95.052,-39.402,2016.0
688e3aae4b1fc31164fb8ff1,2025B_E473,5372,14.073837084166664,52.49124734263889,600,1,50,1,1,1,0.0,,DR3_416736832741633792,0,6.4,9.389569,202.033,2.001,2016.0
688e3aae4b1fc31164fb8ff0,2025B_E473,531B,2.463998545625,8.453260264961111,600,1,50,1,1,1,0.0,,DR3_2752042939643757952,0,8.0,9.389569,58.866,-9.588,2016.0
688e3aae4b1fc31164fb8fef,2025B_E473,52919,105.67792168104165,-6.800619953538889,600,1,50,1,1,1,0.0,,DR3_3052753116376444800,0,6.4,9.389569,-201.309,-313.607,2016.0
688e3aae4b1fc31164fb8fee,2025B_E473,52711,105.87771196958332,29.33340231276111,250,1,50,1,1,1,0.0,,DR3_887822001246832384,0,4.9,9.389569,156.623,-827.800,2016.0
688e3aae4b1fc31164fb8fed,2025B_E473,52456,105.39804187195833,6.926966167061112,600,1,50,1,1,1,0.0,,DR3_3153772873178431744,0,6.6,9.389569,-30.703,27.847,2016.0
688e3aae4b1fc31164fb900b,2025B_E473,69830,124.60104883937498,-12.636561793580555,600,1,50,1,1,1,0.0,,DR3_5726982995343100928,0,5.0,9.389569,278.790,-987.829,2016.0
688e3aae4b1fc31164fb8f4a,2025B_E473,2025,6.111376981416666,-27.02639926481111,600,1,50,1,1,1,0.0,,DR3_2322574488107786624,0,6.2,9.389569,665.755,83.964,2016.0
688e3aae4b1fc31164fb8f49,2025B_E473,20165,48.698581142624995,8.978995820388889,600,1,50,1,1,1,0.0,,DR3_14163878724940672,0,6.3,9.389569,400.579,-404.425,2016.0
688e3aae4b1fc31164fb8f48,2025B_E473,201092,316.7536627525417,38.75607277206111,600,1,50,1,1,1,0.0,,DR3_1872046574983497216,0,3.5,9.389569,4105.976,3155.942,2016.0
688e3aad4b1fc31164fb8ea4,2025B_E473,139477,233.83504857679165,60.08626867691111,600,1,50,1,1,1,0.0,,DR3_1603267143629157120,0,6.5,9.389569,171.924,-162.744,2016.0
688e3aad4b1fc31164fb8ea3,2025B_E473,139457,234.49731120966666,10.238282922169443,600,1,50,1,1,1,0.0,,DR3_1165262633571848064,0,6.0,9.389569,129.657,-358.767,2016.0
688e3aad4b1fc31164fb8ea2,2025B_E473,139323,233.98309417175,39.83134437113889,600,1,50,1,1,1,0.0,,DR3_1389522392427772288,0,6.0,9.389569,-448.958,50.786,2016.0
688e3aad4b1fc31164fb8ea1,2025B_E473,13931,34.198018014125,43.772181026230555,600,1,50,1,1,1,0.0,,DR3_351537889154226816,0,6.5,9.389569,98.570,-183.408,2016.0
688e3aad4b1fc31164fb8ea0,2025B_E473,1388,4.497121279541665,-13.455641929480555,600,1,50,1,1,1,0.0,,DR3_2423292879948720000,0,5.4,9.389569,401.642,-0.238,2016.0
688e3aad4b1fc31164fb8e9f,2025B_E473,138776,233.5700711943333,-2.724717765638889,600,1,50,1,1,1,0.0,,DR3_4402244244636634240,0,7.5,9.389569,-95.184,-145.583,2016.0
688e3aad4b1fc31164fb8e9e,2025B_E473,138549,233.4721675302083,-31.019209202919445,600,1,50,1,1,1,0.0,,DR3_6208649077782080000,0,6.7,9.389569,-190.839,-35.957,2016.0
688e3aad4b1fc31164fb8e9d,2025B_E473,137778,232.05125070541663,-9.359447686861111,600,1,50,1,1,1,0.0,,DR3_6317854118838346752,0,6.0,9.389569,82.532,-356.698,2016.0
688e3aad4b1fc31164fb8e9c,2025B_E473,136925,230.71571225924998,13.366307985119445,600,1,50,1,1,1,0.0,,DR3_1170797781264303616,0,6.8,9.389569,-270.922,-27.002,2016.0
688e3aad4b1fc31164fb8e9b,2025B_E473,136834,230.67565800199998,1.4170074528805556,600,1,50,1,1,1,0.0,,DR3_4420712604009198080,0,6.6,9.389569,-364.212,-364.113,2016.0
688e3aad4b1fc31164fb8e9a,2025B_E473,136713,230.6526362442083,-10.66203222725,600,1,50,1,1,1,0.0,,DR3_6316161317608434944,0,6.3,9.389569,-57.386,-203.772,2016.0
688e3aad4b1fc31164fb8e99,2025B_E473,136442,230.1947603385833,-2.4141009213499998,600,1,50,1,1,1,0.0,,DR3_4414849698772235136,0,4.9,9.389569,-260.819,-172.203,2016.0
688e3aad4b1fc31164fb8e98,2025B_E473,13612B,33.195967700249994,-2.396631030711111,600,1,50,1,1,1,0.0,,DR3_2494066897240089984,0,6.5,9.389569,366.258,-67.275,2016.0
688e3aad4b1fc31164fb8ea5,2025B_E473,13997,34.11659104145833,12.3787925475,600,1,50,1,1,1,0.0,,DR3_73781873084091264,0,6.7,9.389569,227.772,-219.107,2016.0
688e3aad4b1fc31164fb8e97,2025B_E473,135101A,228.17836398724995,19.287343971200002,600,1,50,1,1,1,0.0,,DR3_1212385193677160832,0,5.4,9.389569,-595.904,293.484,2016.0
688e3aad4b1fc31164fb8e95,2025B_E473,1326,4.613226257541665,44.02478674398889,600,1,50,1,1,1,0.0,,DR3_385334230892516480,0,5.2,9.389569,2891.518,411.832,2016.0
688e3aad4b1fc31164fb8e94,2025B_E473,132505,224.74233484099997,17.32666556496111,600,1,50,1,1,1,0.0,,DR3_1188411442144592896,0,6.7,9.389569,-34.112,-69.759,2016.0
688e3aad4b1fc31164fb8e93,2025B_E473,132142,223.78872913141663,53.682471693680554,600,1,50,1,1,1,0.0,,DR3_1606148310770764288,0,6.3,9.389569,-971.031,478.163,2016.0
688e3aad4b1fc31164fb8e92,2025B_E473,131509,223.29918437887497,28.50865786215,600,1,50,1,1,1,0.0,,DR3_1281454212031460992,0,6.3,9.389569,-93.768,86.701,2016.0
688e3aad4b1fc31164fb8e91,2025B_E473,131117,223.1361909055,-30.5774447501,600,1,50,1,1,1,0.0,,DR3_6217883669787280384,0,5.2,9.389569,-335.287,-42.456,2016.0
688e3aad4b1fc31164fb8e90,2025B_E473,130992,222.91399838620828,-24.30605070905,600,1,50,1,1,1,0.0,,DR3_6229442835525861120,0,6.0,9.389569,-944.623,-431.624,2016.0
688e3aad4b1fc31164fb8e8f,2025B_E473,13043,31.891693575916662,-0.6189509702611111,600,1,50,1,1,1,0.0,,DR3_2506906787870475904,0,5.8,9.389569,-249.688,-344.629,2016.0
688e3aad4b1fc31164fb8e8e,2025B_E473,130322,221.88577938787498,-0.2820977030888889,600,1,50,1,1,1,0.0,,DR3_3650718804281798912,0,6.7,9.389569,-130.476,-140.246,2016.0
688e3aad4b1fc31164fb8e8d,2025B_E473,130307,221.81581090074997,2.702875923,600,1,50,1,1,1,0.0,,DR3_3655492127855307136,0,6.2,9.389569,-287.136,-78.612,2016.0
688e3aad4b1fc31164fb8e8c,2025B_E473,130004,221.34970154758332,13.8453122003,600,1,50,1,1,1,0.0,,DR3_1185619988280226944,0,6.2,9.389569,-231.639,-225.646,2016.0
688e3aad4b1fc31164fb8e8b,2025B_E473,129814,221.0484446140416,18.46138384606111,600,1,50,1,1,1,0.0,,DR3_1237374997031931392,0,6.3,9.389569,-59.034,-165.142,2016.0
688e3aad4b1fc31164fb8e8a,2025B_E473,129010,220.23244238216662,-26.42867441653056,600,1,50,1,1,1,0.0,,DR3_6223555466154957568,0,6.4,9.389569,-38.894,6.997,2016.0
688e3aad4b1fc31164fb8e89,2025B_E473,12846,31.62604445875,24.3333354586,600,1,50,1,1,1,0.0,,DR3_104453918172129792,0,5.7,9.389569,6.063,-147.727,2016.0
688e3aad4b1fc31164fb8e96,2025B_E473,134987,228.36747824875,-25.3096826363,600,1,50,1,1,1,0.0,,DR3_6226694571859532800,0,5.3,9.389569,-400.147,-75.253,2016.0
688e3aad4b1fc31164fb8ea6,2025B_E473,140538A,236.00738859966663,2.5145586194,250,1,50,1,1,1,0.0,,DR3_4423865487962417024,0,4.6,9.389569,-42.431,-136.845,2016.0
688e3aad4b1fc31164fb8ea7,2025B_E473,141004,236.60988904591665,7.352758689330555,150,1,50,1,1,1,0.0,,DR3_4430238051199001216,0,3.4,9.389569,-223.952,-69.763,2016.0
688e3aad4b1fc31164fb8ea8,2025B_E473,141272,237.038647301,1.5710024915305556,600,1,50,1,1,1,0.0,,DR3_4422809716282811776,0,6.0,9.389569,-176.036,-166.105,2016.0
688e3aae4b1fc31164fb8ec5,2025B_E473,151995,252.52180057245832,18.900096271069444,600,1,50,1,1,1,0.0,,DR3_4559848344443069952,0,7.0,9.389569,-46.930,-71.976,2016.0
688e3aae4b1fc31164fb8ec4,2025B_E473,151877,252.14764251466664,37.01174750573889,600,1,50,1,1,1,0.0,,DR3_1351435653238542976,0,6.9,9.389569,-59.858,-364.499,2016.0
688e3aae4b1fc31164fb8ec3,2025B_E473,151541,250.65736356629162,68.10405649315,600,1,50,1,1,1,0.0,,DR3_1648568843759668480,0,6.1,9.389569,-282.977,425.740,2016.0
688e3aae4b1fc31164fb8ec2,2025B_E473,151288,251.27624770079166,33.510924834030554,600,1,50,1,1,1,0.0,,DR3_1314438839310796800,0,5.5,9.389569,-39.939,382.224,2016.0
688e3aae4b1fc31164fb8ec1,2025B_E473,150698,250.96421346658332,-26.809395351150002,600,1,50,1,1,1,0.0,,DR3_6034115964943993472,0,5.6,9.389569,-19.379,-101.667,2016.0
688e3aae4b1fc31164fb8ec0,2025B_E473,150437,250.5306469275833,-29.12543236186111,600,1,50,1,1,1,0.0,,DR3_6032076237756291840,0,6.7,9.389569,37.893,-99.001,2016.0
688e3aad4b1fc31164fb8ebf,2025B_E473,150433,250.28410897054164,-2.8592548529805555,600,1,50,1,1,1,0.0,,DR3_4354950641755249024,0,6.0,9.389569,-26.659,-444.740,2016.0
688e3aad4b1fc31164fb8ebe,2025B_E473,149806,249.28553165095832,0.25469026973888886,600,1,50,1,1,1,0.0,,DR3_4383374219923745024,0,5.7,9.389569,93.385,78.717,2016.0
688e3aad4b1fc31164fb8ebd,2025B_E473,149724,249.20221661991664,-6.294311092930555,600,1,50,1,1,1,0.0,,DR3_4351579573463528576,0,6.6,9.389569,-22.781,-1.855,2016.0
688e3aad4b1fc31164fb8ebc,2025B_E473,149661,249.091402300875,-2.325961281519444,250,1,50,1,1,1,0.0,,DR3_4358031335898505472,0,4.3,9.389569,456.058,-309.224,2016.0
688e3aad4b1fc31164fb8ebb,2025B_E473,148467,246.98599858554164,7.304267325480556,600,1,50,1,1,1,0.0,,DR3_4439625337884136064,0,6.6,9.389569,-248.797,-264.661,2016.0
688e3aad4b1fc31164fb8eba,2025B_E473,147379A,244.1723899324583,67.2392157683389,600,1,50,1,1,1,0.0,,DR3_1642641410934267008,0,5.8,9.389569,-497.915,84.047,2016.0
688e3aad4b1fc31164fb8eb9,2025B_E473,147231,243.70930279258332,70.92838910388056,600,1,50,1,1,1,0.0,,DR3_1653185486926274048,0,6.6,9.389569,-5.095,-287.402,2016.0
688e3aad4b1fc31164fb8eb8,2025B_E473,146775,244.78539840254163,-28.29502191013889,600,1,50,1,1,1,0.0,,DR3_6039200454610268800,0,6.5,9.389569,51.613,-255.689,2016.0
688e3aad4b1fc31164fb8eb7,2025B_E473,146233,243.90633606004164,-8.37164116155,250,1,50,1,1,1,0.0,,DR3_4345775217221821312,0,4.7,9.389569,232.230,-495.378,2016.0
688e3aad4b1fc31164fb8eb6,2025B_E473,1461,4.676323038583333,-8.05364062583889,600,1,50,1,1,1,0.0,,DR3_2430102808294101760,0,5.3,9.389569,417.579,-143.900,2016.0
688e3aad4b1fc31164fb8eb5,2025B_E473,145958B,243.3276402530416,13.526167955850001,600,1,50,1,1,1,0.0,,DR3_4464207428577214464,0,5.6,9.389569,194.154,-422.438,2016.0
688e3aad4b1fc31164fb8eb4,2025B_E473,145934,243.29122625491658,13.239452483161111,600,1,50,1,1,1,0.0,,DR3_4463442512084825728,0,6.8,9.389569,9.192,-1.468,2016.0
688e3aad4b1fc31164fb8eb3,2025B_E473,145809,243.41750928991658,-21.39992517631111,600,1,50,1,1,1,0.0,,DR3_6243032008973309440,0,5.5,9.389569,-123.032,8.041,2016.0
688e3aad4b1fc31164fb8eb2,2025B_E473,145675,242.60212681174997,43.816320837269444,600,1,50,1,1,1,0.0,,DR3_1385293808145621504,0,5.2,9.389569,131.745,-297.025,2016.0
688e3aad4b1fc31164fb8eb1,2025B_E473,144585,241.76284165874995,-14.07125450941111,600,1,50,1,1,1,0.0,,DR3_4341501106288171008,0,5.2,9.389569,-261.591,9.683,2016.0
688e3aad4b1fc31164fb8eb0,2025B_E473,144579,241.2333680567083,39.15674357701111,600,1,50,1,1,1,0.0,,DR3_1379500756257031808,0,5.2,9.389569,-570.872,52.633,2016.0
688e3aad4b1fc31164fb8eaf,2025B_E473,144287,241.01274892599997,25.25785541421111,600,1,50,1,1,1,0.0,,DR3_1219254942328596736,0,5.6,9.389569,-495.683,689.516,2016.0
688e3aad4b1fc31164fb8eae,2025B_E473,14412,34.74269374762499,-25.94371112925,600,1,50,1,1,1,0.0,,DR3_5117974602912370432,0,5.1,9.389569,-217.734,444.609,2016.0
688e3aad4b1fc31164fb8ead,2025B_E473,143761,240.26003097649993,33.300078768999995,250,1,50,1,1,1,0.0,,DR3_1323427759184545536,0,4.1,9.389569,-198.278,-772.245,2016.0
688e3aad4b1fc31164fb8eac,2025B_E473,143291,239.62954815316664,27.741293107,600,1,50,1,1,1,0.0,,DR3_1316590033811497088,0,6.5,9.389569,-776.369,293.557,2016.0
688e3aad4b1fc31164fb8eab,2025B_E473,142267,238.29971733595832,13.19413183605,600,1,50,1,1,1,0.0,,DR3_1191518146611956096,0,5.1,9.389569,-150.618,-561.240,2016.0
688e3aad4b1fc31164fb8eaa,2025B_E473,142229,238.3332232554583,4.253290749211111,600,1,50,1,1,1,0.0,,DR3_4426054581256895104,0,7.0,9.389569,-34.257,9.110,2016.0
688e3aad4b1fc31164fb8ea9,2025B_E473,141399,236.72351718225,46.98628884236111,600,1,50,1,1,1,0.0,,DR3_1398218223733415552,0,5.9,9.389569,-108.119,6.040,2016.0
688e3aad4b1fc31164fb8e88,2025B_E473,128311,219.00325809670832,9.74540201716111,600,1,50,1,1,1,0.0,,DR3_1176209886733406592,0,5.8,9.389569,204.813,-250.457,2016.0
688e3aae4b1fc31164fb8ec6,2025B_E473,152391,253.24184678516667,-0.033016536711111114,600,1,50,1,1,1,0.0,,DR3_4381250547575102208,0,5.2,9.389569,-711.832,-1483.821,2016.0
688e3aad4b1fc31164fb8e87,2025B_E473,128165,218.36887174999998,52.90989294556111,600,1,50,1,1,1,0.0,,DR3_1605198298364601088,0,5.4,9.389569,-191.457,247.919,2016.0
688e3aad4b1fc31164fb8e85,2025B_E473,126614,216.70049623083332,-5.1784295682,600,1,50,1,1,1,0.0,,DR3_3641697998570813952,0,7.5,9.389569,-149.760,-145.837,2016.0
688e3aad4b1fc31164fb8e63,2025B_E473,110315,190.27751558279166,15.375020276180557,600,1,50,1,1,1,0.0,,DR3_3934198156329809152,0,5.8,9.389569,107.249,-370.333,2016.0
688e3aad4b1fc31164fb8e62,2025B_E473,11020,26.90950919983333,-26.75124707743889,600,1,50,1,1,1,0.0,,DR3_5025366311917644416,0,7.6,9.389569,-82.651,-275.381,2016.0
688e3aad4b1fc31164fb8e61,2025B_E473,109358,188.43142838333333,41.358776694080554,150,1,50,1,1,1,0.0,,DR3_1534011998572555776,0,3.2,9.389569,-704.702,292.155,2016.0
688e3aad4b1fc31164fb8e60,2025B_E473,108874,187.61262215291666,22.879427476038888,600,1,50,1,1,1,0.0,,DR3_3958951942642583936,0,7.5,9.389569,127.469,-89.912,2016.0
688e3aad4b1fc31164fb8e5f,2025B_E473,10853,26.661465062541662,12.411440860819445,600,1,50,1,1,1,0.0,,DR3_2575383100738086656,0,6.9,9.389569,31.282,-74.827,2016.0
688e3aad4b1fc31164fb8e5e,2025B_E473,10790,27.487677416791662,76.99248184358056,600,1,50,1,1,1,0.0,,DR3_560384934529559808,0,6.5,9.389569,99.208,37.521,2016.0
688e3aad4b1fc31164fb8e5d,2025B_E473,10780,26.94267663258333,63.85140778825,250,1,50,1,1,1,0.0,,DR3_512167948043650816,0,4.3,9.389569,581.684,-246.462,2016.0
688e3aad4b1fc31164fb8e5c,2025B_E473,107148,184.80596966962497,-3.3199992438305554,600,1,50,1,1,1,0.0,,DR3_3693358861640279296,0,6.9,9.389569,-54.565,-47.376,2016.0
688e3aad4b1fc31164fb8e5b,2025B_E473,10700,26.009055057166666,-15.933680200688888,100,1,50,1,1,1,0.0,,DR3_2452378776434477184,0,2.1,9.389569,-1721.728,854.963,2016.0
688e3aad4b1fc31164fb8e5a,2025B_E473,10697,26.232401137416666,20.08268276456111,600,1,50,1,1,1,0.0,,DR3_95652018353917056,0,5.4,9.389569,-43.357,-104.936,2016.0
688e3aad4b1fc31164fb8e59,2025B_E473,106156,183.2406677910833,10.03612341238889,600,1,50,1,1,1,0.0,,DR3_3906347595518413568,0,6.6,9.389569,210.912,-358.255,2016.0
688e3aad4b1fc31164fb8e58,2025B_E473,106116,183.11747653599994,-3.0826149521805557,600,1,50,1,1,1,0.0,,DR3_3598278250031419008,0,6.2,9.389569,-606.781,418.509,2016.0
688e3aad4b1fc31164fb8e57,2025B_E473,105631,182.40340511908332,40.251830217019446,600,1,50,1,1,1,0.0,,DR3_1536064958579187840,0,6.0,9.389569,-314.106,-50.842,2016.0
688e3aad4b1fc31164fb8e64,2025B_E473,110537,190.74621063495832,-4.05013081095,600,1,50,1,1,1,0.0,,DR3_3681795018676501120,0,6.6,9.389569,-219.316,-179.612,2016.0
688e3aad4b1fc31164fb8e56,2025B_E473,105618,182.40211396766665,11.211569277730554,600,1,50,1,1,1,0.0,,DR3_3906803888551408000,0,7.4,9.389569,-104.350,-2.024,2016.0
688e3aad4b1fc31164fb8e54,2025B_E473,104556,180.61837050541664,43.081812472200006,600,1,50,1,1,1,0.0,,DR3_1537769304681442176,0,5.1,9.389569,-347.257,-510.709,2016.0
688e3aad4b1fc31164fb8e53,2025B_E473,104304,180.18562930616665,-10.448272003980556,250,1,50,1,1,1,0.0,,DR3_3575733210781078016,0,4.3,9.389569,83.793,-482.006,2016.0
688e3aad4b1fc31164fb8e52,2025B_E473,104067,179.79237526687496,-20.355664599100002,600,1,50,1,1,1,0.0,,DR3_3494677900774838144,0,6.2,9.389569,141.706,-423.780,2016.0
688e3aad4b1fc31164fb8e51,2025B_E473,103932,179.47876692479164,-27.709806064888888,600,1,50,1,1,1,0.0,,DR3_3487062064765702272,0,5.0,9.389569,-1080.901,-620.929,2016.0
688e3aad4b1fc31164fb8e50,2025B_E473,103432,178.6314923067083,19.41115461275,600,1,50,1,1,1,0.0,,DR3_3975129194660883328,0,7.0,9.389569,-450.598,-16.568,2016.0
688e3aad4b1fc31164fb8e4f,2025B_E473,103095,178.26735320816664,37.692826946888886,600,1,50,1,1,1,0.0,,DR3_4034171629042489088,0,4.9,9.389569,4002.655,-5817.800,2016.0
688e3aad4b1fc31164fb8e4e,2025B_E473,102158,176.373215583125,47.66558829526111,600,1,50,1,1,1,0.0,,DR3_786413532715960576,0,6.9,9.389569,-591.261,-290.687,2016.0
688e3aad4b1fc31164fb8e4d,2025B_E473,101501,175.26250050616665,34.19993957543888,250,1,50,1,1,1,0.0,,DR3_4025850731201819392,0,4.0,9.389569,-12.522,-381.196,2016.0
688e3aad4b1fc31164fb8e4c,2025B_E473,10145,25.41505844808333,66.9087613961889,600,1,50,1,1,1,0.0,,DR3_519478154178249728,0,6.4,9.389569,692.534,-265.814,2016.0
688e3aad4b1fc31164fb8e4b,2025B_E473,101259,174.75199653587498,-24.722164223119442,600,1,50,1,1,1,0.0,,DR3_3491774880840574464,0,4.9,9.389569,31.385,-240.685,2016.0
688e3aad4b1fc31164fb8e4a,2025B_E473,100623,173.61931513362495,-32.827684607061116,600,1,50,1,1,1,0.0,,DR3_3478127463341507072,0,4.8,9.389569,-670.230,822.399,2016.0
688e3aad4b1fc31164fb8e49,2025B_E473,100180,172.93575391395834,14.363658867711111,600,1,50,1,1,1,0.0,,DR3_3966121308211393920,0,5.2,9.389569,-329.873,-189.925,2016.0
688e3aad4b1fc31164fb8e48,2025B_E473,10008,24.39854715595833,-6.7608611840805555,600,1,50,1,1,1,0.0,,DR3_2477815222028038272,0,6.2,9.389569,171.798,-98.145,2016.0
688e3aad4b1fc31164fb8e55,2025B_E473,10476,25.62258568629166,20.265519182261112,250,1,50,1,1,1,0.0,,DR3_96331172942614528,0,3.8,9.389569,-300.737,-673.539,2016.0
688e3aad4b1fc31164fb8e65,2025B_E473,110897,191.24545542462496,39.27953401498889,600,1,50,1,1,1,0.0,,DR3_1521686782461765888,0,4.9,9.389569,-359.699,139.016,2016.0
688e3aad4b1fc31164fb8e66,2025B_E473,111031,191.6272389305,-11.812233763119446,600,1,50,1,1,1,0.0,,DR3_3529518709839090176,0,5.7,9.389569,-279.627,46.791,2016.0
688e3aad4b1fc31164fb8e67,2025B_E473,111395,192.19439370816667,24.839758445738887,600,1,50,1,1,1,0.0,,DR3_3957887649746830976,0,5.1,9.389569,-334.908,-105.517,2016.0
688e3aad4b1fc31164fb8e84,2025B_E473,12661,31.142335838083333,25.413539140880555,600,1,50,1,1,1,0.0,,DR3_105332908999068032,0,6.2,9.389569,-107.999,-173.299,2016.0
688e3aad4b1fc31164fb8e83,2025B_E473,126053,215.81468026516663,1.2394413528805557,600,1,50,1,1,1,0.0,,DR3_3654496279558010624,0,5.1,9.389569,223.531,-478.275,2016.0
688e3aad4b1fc31164fb8e82,2025B_E473,125455,214.89243910191664,-5.1517281845694445,600,1,50,1,1,1,0.0,,DR3_3642413746280598784,0,6.1,9.389569,-632.951,-120.707,2016.0
688e3aad4b1fc31164fb8e81,2025B_E473,125184,214.50422536374998,-7.543444637369444,600,1,50,1,1,1,0.0,,DR3_3639760521643499776,0,5.3,9.389569,267.128,-236.757,2016.0
688e3aad4b1fc31164fb8e80,2025B_E473,124642,213.48577785674996,30.217965212699998,600,1,50,1,1,1,0.0,,DR3_1453180404823190912,0,6.1,9.389569,-398.118,175.114,2016.0
688e3aad4b1fc31164fb8e7f,2025B_E473,124292,213.18776960291663,-3.3215159987388887,250,1,50,1,1,1,0.0,,DR3_3646061719703116032,0,5.7,9.389569,-162.498,-322.138,2016.0
688e3aad4b1fc31164fb8e7e,2025B_E473,124106,212.94123014995833,-12.61256582206111,600,1,50,1,1,1,0.0,,DR3_6303961686341504512,0,6.4,9.389569,-254.019,-179.729,2016.0
688e3aad4b1fc31164fb8e7d,2025B_E473,122652,210.63133479129164,31.66090241851944,600,1,50,1,1,1,0.0,,DR3_1454450340753382272,0,6.2,9.389569,-94.130,9.972,2016.0
688e3aad4b1fc31164fb8e7c,2025B_E473,122064,209.3832813779583,61.49382239096945,600,1,50,1,1,1,0.0,,DR3_1661568850770761600,0,5.0,9.389569,-31.693,216.290,2016.0
688e3aad4b1fc31164fb8e7b,2025B_E473,12051,29.77893376983333,33.208120415119446,600,1,50,1,1,1,0.0,,DR3_304991163902854784,0,5.8,9.389569,243.789,-351.616,2016.0
688e3aad4b1fc31164fb8e7a,2025B_E473,120467,207.42829872179163,-22.113288890480558,600,1,50,1,1,1,0.0,,DR3_6288325222245417856,0,5.9,9.389569,-1749.861,-494.208,2016.0
688e3aad4b1fc31164fb8e79,2025B_E473,120066,206.735727932875,6.349884091130555,600,1,50,1,1,1,0.0,,DR3_3721126409323324416,0,5.2,9.389569,-510.467,-110.212,2016.0
688e3aad4b1fc31164fb8e78,2025B_E473,118914,204.83854523549996,31.7741884679,600,1,50,1,1,1,0.0,,DR3_1456751549872252416,0,7.7,9.389569,17.052,5.948,2016.0
688e3aad4b1fc31164fb8e77,2025B_E473,117936,203.38272561175,8.587179450969446,600,1,50,1,1,1,0.0,,DR3_3719665845564967552,0,6.1,9.389569,-506.365,93.771,2016.0
688e3aad4b1fc31164fb8e76,2025B_E473,117176,202.106456053,13.776228558319445,250,1,50,1,1,1,0.0,,DR3_3740176925743994752,0,3.8,9.389569,-235.951,-575.969,2016.0
688e3aad4b1fc31164fb8e75,2025B_E473,116956,201.4379434879583,56.97054356951945,600,1,50,1,1,1,0.0,,DR3_1565867461768654208,0,5.8,9.389569,-217.473,11.239,2016.0
688e3aad4b1fc31164fb8e74,2025B_E473,116443,200.9202134382083,2.7261690943694448,600,1,50,1,1,1,0.0,,DR3_3712538811193759744,0,5.8,9.389569,5.667,201.308,2016.0
688e3aad4b1fc31164fb8e73,2025B_E473,116442,200.91319573299995,2.7242125878194448,600,1,50,1,1,1,0.0,,DR3_3712538708114516736,0,5.6,9.389569,12.467,199.291,2016.0
688e3aad4b1fc31164fb8e72,2025B_E473,115617,199.59629813233332,-18.31592210065,200,1,50,1,1,1,0.0,,DR3_3507879565090229888,0,3.3,9.389569,-1070.202,-1063.849,2016.0
688e3aad4b1fc31164fb8e71,2025B_E473,115404A,199.21567170724998,17.016001701569444,600,1,50,1,1,1,0.0,,DR3_3936909723803146368,0,4.9,9.389569,636.285,-264.678,2016.0
688e3aad4b1fc31164fb8e70,2025B_E473,114946,198.5448303675833,-19.9302364507,250,1,50,1,1,1,0.0,,DR3_3507245834075862528,0,3.7,9.389569,-119.745,159.578,2016.0
688e3aad4b1fc31164fb8e6f,2025B_E473,114783,198.18182440416663,-2.2649905886805555,600,1,50,1,1,1,0.0,,DR3_3684934540986187776,0,6.0,9.389569,-138.362,10.284,2016.0
688e3aad4b1fc31164fb8e6e,2025B_E473,114762,198.07954666799998,17.5171242759,600,1,50,1,1,1,0.0,,DR3_3937211745905473024,0,6.1,9.389569,-580.999,1.062,2016.0
688e3aad4b1fc31164fb8e6d,2025B_E473,114174,197.21297743841663,5.204216879130556,600,1,50,1,1,1,0.0,,DR3_3729017810434416128,0,5.6,9.389569,85.533,-680.324,2016.0
688e3aad4b1fc31164fb8e6c,2025B_E473,112914,194.8851758273333,41.98756180108889,600,1,50,1,1,1,0.0,,DR3_1527631807474248448,0,6.8,9.389569,-238.270,178.683,2016.0
688e3aad4b1fc31164fb8e6b,2025B_E473,112257,193.78437173304164,27.766037614880556,600,1,50,1,1,1,0.0,,DR3_1463742931994936960,0,6.6,9.389569,-12.200,-72.448,2016.0
688e3aad4b1fc31164fb8e6a,2025B_E473,111631,192.68139564249998,-0.7698943811111112,600,1,50,1,1,1,0.0,,DR3_3689602277083844480,0,5.8,9.389569,-29.871,-397.002,2016.0
688e3aad4b1fc31164fb8e69,2025B_E473,111515,192.43643221108331,1.185172829611111,600,1,50,1,1,1,0.0,,DR3_3702148666829533952,0,6.8,9.389569,-79.435,-644.528,2016.0
688e3aad4b1fc31164fb8e68,2025B_E473,111484B,192.395490457125,3.820582510088889,600,1,50,1,1,1,0.0,,DR3_3705358587948014080,0,7.8,9.389569,-76.606,-3.521,2016.0
688e3aad4b1fc31164fb8e86,2025B_E473,127334,217.40433190949994,41.794933242688884,600,1,50,1,1,1,0.0,,DR3_1491593733326694912,0,5.1,9.389569,161.373,-220.361,2016.0
688e3aaf4b1fc31164fb904b,2025B_E473,HIP1368,4.279896289666666,40.948668403599996,600,1,50,1,1,1,0.0,,DR3_383426372059603712,0,6.4,9.389569,567.192,83.454,2016.0
688e3aae4b1fc31164fb8ec7,2025B_E473,152792,253.38543355662497,42.823406605761114,600,1,50,1,1,1,0.0,,DR3_1357935759823973376,0,5.5,9.389569,120.635,-325.794,2016.0
688e3aae4b1fc31164fb8ec9,2025B_E473,153458,255.00735128820833,-7.531749378469445,600,1,50,1,1,1,0.0,,DR3_4339941101147274496,0,6.8,9.389569,98.186,-20.226,2016.0
688e3aae4b1fc31164fb8f26,2025B_E473,188512,298.8285089900833,6.404626612169444,100,1,50,1,1,1,0.0,,DR3_4296708789290712064,0,2.2,9.389569,45.944,-480.965,2016.0
688e3aae4b1fc31164fb8f25,2025B_E473,188510,298.79015228516664,10.74223555931111,600,1,50,1,1,1,0.0,,DR3_4303364682926575744,0,7.6,9.389569,-38.395,290.612,2016.0
688e3aae4b1fc31164fb8f24,2025B_E473,18803,45.609601645125,26.60849032781111,600,1,50,1,1,1,0.0,,DR3_115311458058061440,0,5.3,9.389569,233.067,-168.452,2016.0
688e3aae4b1fc31164fb8f23,2025B_E473,188015,298.0191939794166,28.09996400503889,600,1,50,1,1,1,0.0,,DR3_2028419118720795392,0,7.0,9.389569,52.809,-92.166,2016.0
688e3aae4b1fc31164fb8f22,2025B_E473,187923,298.0127654578333,11.626838524250001,600,1,50,1,1,1,0.0,,DR3_4303735493232528640,0,5.3,9.389569,-344.042,-334.600,2016.0
688e3aae4b1fc31164fb8f21,2025B_E473,187897,298.03970919924996,7.460345670569445,600,1,50,1,1,1,0.0,,DR3_4298143102210310272,0,6.1,9.389569,133.489,67.623,2016.0
688e3aae4b1fc31164fb8f20,2025B_E473,187237,297.00362203791667,27.87051580395,600,1,50,1,1,1,0.0,,DR3_2028211207952435840,0,5.7,9.389569,-9.819,221.961,2016.0
688e3aae4b1fc31164fb8f1f,2025B_E473,187123,296.742902605,34.41897277381944,600,1,50,1,1,1,0.0,,DR3_2047452661412980736,0,6.6,9.389569,142.591,-123.715,2016.0
688e3aae4b1fc31164fb8f1e,2025B_E473,186427,295.4656128374583,50.5168016497,600,1,50,1,1,1,0.0,,DR3_2135550755683407232,0,5.0,9.389569,-134.482,-162.698,2016.0
688e3aae4b1fc31164fb8f1d,2025B_E473,186408,295.45293803824995,50.52435420311111,600,1,50,1,1,1,0.0,,DR3_2135550755683405952,0,5.1,9.389569,-148.034,-159.030,2016.0
688e3aae4b1fc31164fb8f1c,2025B_E473,18632,45.013187696375,7.749849243261111,600,1,50,1,1,1,0.0,,DR3_8479094371605632,0,6.3,9.389569,328.026,21.181,2016.0
688e3aae4b1fc31164fb8f1b,2025B_E473,185414,293.98168434770827,56.983003037419444,600,1,50,1,1,1,0.0,,DR3_2142179058450057856,0,5.5,9.389569,5.270,-204.395,2016.0
688e3aae4b1fc31164fb8f1a,2025B_E473,185295,294.56636651858327,5.007168620630556,600,1,50,1,1,1,0.0,,DR3_4291058948801150848,0,7.1,9.389569,-21.821,4.768,2016.0
688e3aae4b1fc31164fb8f27,2025B_E473,189625,300.38735005537495,-16.8693356309,600,1,50,1,1,1,0.0,,DR3_6871005636949836928,0,6.2,9.389569,146.985,-75.963,2016.0
688e3aae4b1fc31164fb8f19,2025B_E473,185144,293.0975980510833,69.65345106255,200,1,50,1,1,1,0.0,,DR3_2261614264931057664,0,3.4,9.389569,597.384,-1738.286,2016.0
688e3aae4b1fc31164fb8f17,2025B_E473,183870,293.028997027,-11.274860922611111,600,1,50,1,1,1,0.0,,DR3_4187837450005193088,0,5.9,9.389569,234.587,18.156,2016.0
688e3aae4b1fc31164fb8f16,2025B_E473,183658,292.7190306825833,-6.5150516107888885,600,1,50,1,1,1,0.0,,DR3_4208110932591708672,0,6.2,9.389569,-141.508,-141.280,2016.0
688e3aae4b1fc31164fb8f15,2025B_E473,183650,292.339224905,31.606828903280558,600,1,50,1,1,1,0.0,,DR3_2045074245953051648,0,5.7,9.389569,-24.239,-411.186,2016.0
688e3aae4b1fc31164fb8f14,2025B_E473,183263,292.1022955854999,8.35791374505,600,1,50,1,1,1,0.0,,DR3_4296208099222829568,0,6.8,9.389569,-18.947,-32.190,2016.0
688e3aae4b1fc31164fb8f13,2025B_E473,1832,5.7518434386249995,22.37401807378889,600,1,50,1,1,1,0.0,,DR3_2800690281858225408,0,6.4,9.389569,202.474,-221.061,2016.0
688e3aae4b1fc31164fb8f12,2025B_E473,182572,291.2457765680833,11.947271123350001,250,1,50,1,1,1,0.0,,DR3_4315804351350378496,0,3.9,9.389569,721.292,642.968,2016.0
688e3aae4b1fc31164fb8f11,2025B_E473,182488,290.89215699495827,33.222678029569444,600,1,50,1,1,1,0.0,,DR3_2046207670631964928,0,5.4,9.389569,81.966,160.158,2016.0
688e3aae4b1fc31164fb8f10,2025B_E473,181234,289.99985220829166,-9.325014269819444,600,1,50,1,1,1,0.0,,DR3_4201307051566729984,0,7.2,9.389569,-122.951,-318.660,2016.0
688e3aae4b1fc31164fb8f0f,2025B_E473,180684,289.20248261575,18.976027734830552,600,1,50,1,1,1,0.0,,DR3_4515383166527921152,0,6.0,9.389569,10.747,-65.166,2016.0
688e3aae4b1fc31164fb8f0e,2025B_E473,180161,288.04911843724994,57.673791352030555,600,1,50,1,1,1,0.0,,DR3_2143016302194287488,0,5.7,9.389569,216.436,407.627,2016.0
688e3aae4b1fc31164fb8f0d,2025B_E473,179949,288.8890362583333,-24.179808123411114,600,1,50,1,1,1,0.0,,DR3_6770313530317154560,0,5.3,9.389569,118.567,-102.364,2016.0
688e3aae4b1fc31164fb8f0c,2025B_E473,178911B,287.263218840125,34.6007242858,600,1,50,1,1,1,0.0,,DR3_2044341077844180736,0,6.7,9.389569,57.179,195.814,2016.0
688e3aae4b1fc31164fb8f0b,2025B_E473,177830,286.3363510826249,25.920425344969445,600,1,50,1,1,1,0.0,,DR3_2035963417721248128,0,5.4,9.389569,-41.248,-52.580,2016.0
688e3aae4b1fc31164fb8f18,2025B_E473,18445,44.30501293358333,-24.975259249569444,600,1,50,1,1,1,0.0,,DR3_5076269164798852864,0,6.1,9.389569,12.814,-32.401,2016.0
688e3aae4b1fc31164fb8f28,2025B_E473,189733,300.18212180625,22.709741105169442,600,1,50,1,1,1,0.0,,DR3_1827242816201846144,0,6.1,9.389569,-3.208,-250.323,2016.0
688e3aae4b1fc31164fb8f29,2025B_E473,190007,300.6956213279166,3.3267157533388887,600,1,50,1,1,1,0.0,,DR3_4247023886053586304,0,5.5,9.389569,-90.383,119.430,2016.0
688e3aae4b1fc31164fb8f2a,2025B_E473,190067,300.6415810809583,15.58948882285,600,1,50,1,1,1,0.0,,DR3_1807953155988203264,0,5.8,9.389569,-158.797,-581.785,2016.0
688e3aae4b1fc31164fb8f47,2025B_E473,201091,316.748479294,38.7638624465,250,1,50,1,1,1,0.0,,DR3_1872046609345556480,0,3.1,9.389569,4164.209,3249.614,2016.0
688e3aae4b1fc31164fb8f46,2025B_E473,200565,316.0234263305833,3.979925729538889,600,1,50,1,1,1,0.0,,DR3_1732831875859320576,0,7.2,9.389569,-57.505,-165.757,2016.0
688e3aae4b1fc31164fb8f45,2025B_E473,200538,316.27022260562495,-32.826198790980555,600,1,50,1,1,1,0.0,,DR3_6781060947234204288,0,6.7,9.389569,-47.619,-6.502,2016.0
688e3aae4b1fc31164fb8f44,2025B_E473,199960,315.1412210744999,-4.7308737577611115,600,1,50,1,1,1,0.0,,DR3_6912276699251278848,0,5.2,9.389569,48.795,-138.180,2016.0
688e3aae4b1fc31164fb8f43,2025B_E473,199476,312.94406804179164,74.78288685968056,600,1,50,1,1,1,0.0,,DR3_2277839861099828480,0,6.5,9.389569,401.981,575.749,2016.0
688e3aae4b1fc31164fb8f42,2025B_E473,199305,313.3324563030833,62.1509577015,600,1,50,1,1,1,0.0,,DR3_2195886971653527168,0,5.4,9.389569,0.259,-773.096,2016.0
688e3aae4b1fc31164fb8f41,2025B_E473,198802,313.27352050812493,-11.573457794988888,600,1,50,1,1,1,0.0,,DR3_6889877723248418816,0,5.2,9.389569,43.009,44.162,2016.0
688e3aae4b1fc31164fb8f40,2025B_E473,198425,312.31678073437496,32.283602503,600,1,50,1,1,1,0.0,,DR3_1859954627138933888,0,6.5,9.389569,-161.706,-266.956,2016.0
688e3aae4b1fc31164fb8f3f,2025B_E473,197076,310.188647567125,19.93692379733889,600,1,50,1,1,1,0.0,,DR3_1814241194252808704,0,5.3,9.389569,118.708,312.222,2016.0
688e3aae4b1fc31164fb8f3e,2025B_E473,196850,309.6686025056666,38.63423619183889,600,1,50,1,1,1,0.0,,DR3_2063583390317759616,0,5.5,9.389569,201.043,-192.983,2016.0
688e3aae4b1fc31164fb8f3d,2025B_E473,196761,310.05140644799997,-23.771815750780554,600,1,50,1,1,1,0.0,,DR3_6854626246593473792,0,5.3,9.389569,499.697,461.374,2016.0
688e3aae4b1fc31164fb8f3c,2025B_E473,196201,308.8596294448333,11.358753812719444,600,1,50,1,1,1,0.0,,DR3_1754663916181432704,0,7.1,9.389569,72.157,365.575,2016.0
688e3aae4b1fc31164fb8f3b,2025B_E473,195564,308.1001250882083,-9.85289602051111,250,1,50,1,1,1,0.0,,DR3_6904703228801028864,0,4.3,9.389569,309.736,109.910,2016.0
688e3aae4b1fc31164fb8f3a,2025B_E473,195019,307.07929398020826,18.769242935138887,600,1,50,1,1,1,0.0,,DR3_1815418118373631360,0,5.6,9.389569,349.620,-56.618,2016.0
688e3aae4b1fc31164fb8f39,2025B_E473,19467,46.82735626487499,-13.762941186311112,600,1,50,1,1,1,0.0,,DR3_5155981730587168384,0,5.8,9.389569,-8.694,-260.642,2016.0
688e3aae4b1fc31164fb8f38,2025B_E473,193901,305.9019419109583,-21.37531574301111,600,1,50,1,1,1,0.0,,DR3_6859076107589173120,0,7.5,9.389569,540.323,-1056.853,2016.0
688e3aae4b1fc31164fb8f37,2025B_E473,193795,305.31307937779167,28.106103629469445,600,1,50,1,1,1,0.0,,DR3_1836310454221890304,0,7.3,9.389569,-75.395,-164.523,2016.0
688e3aae4b1fc31164fb8f36,2025B_E473,19373,47.275404859625,49.61287385843889,150,1,50,1,1,1,0.0,,DR3_436648129327098496,0,3.1,9.389569,1262.193,-91.083,2016.0
688e3aae4b1fc31164fb8f35,2025B_E473,193202,302.719560198,77.24125306636944,600,1,50,1,1,1,0.0,,DR3_2290483248388179328,0,6.4,9.389569,57.339,513.027,2016.0
688e3aae4b1fc31164fb8f34,2025B_E473,19308,46.915516466,36.61665362065,600,1,50,1,1,1,0.0,,DR3_138972467251590656,0,6.2,9.389569,241.076,-217.790,2016.0
688e3aae4b1fc31164fb8f33,2025B_E473,192344,303.5401228128333,6.588717106238889,600,1,50,1,1,1,0.0,,DR3_4249652990144051840,0,6.4,9.389569,-132.350,-58.640,2016.0
688e3aae4b1fc31164fb8f32,2025B_E473,192343,303.53766467762495,6.576949298780555,600,1,50,1,1,1,0.0,,DR3_4249652783985617920,0,6.8,9.389569,-129.763,-59.661,2016.0
688e3aae4b1fc31164fb8f31,2025B_E473,192310,303.8286649315416,-27.033780809461113,250,1,50,1,1,1,0.0,,DR3_6847167606385195648,0,4.1,9.389569,1242.763,-181.175,2016.0
688e3aae4b1fc31164fb8f30,2025B_E473,192020,302.8548717681666,38.40066360736111,600,1,50,1,1,1,0.0,,DR3_2061688931804621184,0,6.4,9.389569,37.846,118.094,2016.0
688e3aae4b1fc31164fb8f2f,2025B_E473,191785,302.77338741241664,16.189769110788887,600,1,50,1,1,1,0.0,,DR3_1809360187275432832,0,5.8,9.389569,-415.062,398.487,2016.0
688e3aae4b1fc31164fb8f2e,2025B_E473,190406,301.0241184085,17.068323509169446,250,1,50,1,1,1,0.0,,DR3_1821708351374312064,0,4.7,9.389569,-387.472,-419.497,2016.0
688e3aae4b1fc31164fb8f2d,2025B_E473,190404,300.96233560587496,23.33662938816944,600,1,50,1,1,1,0.0,,DR3_1833199729671740800,0,5.7,9.389569,-1003.993,-912.718,2016.0
688e3aae4b1fc31164fb8f2c,2025B_E473,190360,300.90935705649997,29.89446794051111,250,1,50,1,1,1,0.0,,DR3_2029433521248546304,0,4.6,9.389569,683.196,-525.501,2016.0
688e3aae4b1fc31164fb8f2b,2025B_E473,19034,45.913817807958324,-5.667469503511112,600,1,50,1,1,1,0.0,,DR3_5181087291900789888,0,6.8,9.389569,333.371,-263.796,2016.0
688e3aae4b1fc31164fb8f0a,2025B_E473,177153,285.4148641043333,41.490229942769446,600,1,50,1,1,1,0.0,,DR3_2103877089862772352,0,6.1,9.389569,-77.731,31.230,2016.0
688e3aae4b1fc31164fb8ec8,2025B_E473,15335,37.201721470749995,29.932075729111112,250,1,50,1,1,1,0.0,,DR3_131483276941461888,0,4.9,9.389569,0.0,0.0,2016.0
688e3aae4b1fc31164fb8f09,2025B_E473,176982,285.684852247875,-0.7117755618305555,600,1,50,1,1,1,0.0,,DR3_4265524749785867008,0,7.0,9.389569,-29.947,-124.676,2016.0
688e3aae4b1fc31164fb8f07,2025B_E473,175541,283.92032013741664,4.264921791180556,600,1,50,1,1,1,0.0,,DR3_4281180283478682496,0,6.4,9.389569,-6.842,-90.413,2016.0
688e3aae4b1fc31164fb8ee5,2025B_E473,163489,269.0496093160833,4.833625349988888,600,1,50,1,1,1,0.0,,DR3_4472863780548763008,0,5.8,9.389569,1.202,10.947,2016.0
688e3aae4b1fc31164fb8ee4,2025B_E473,163153,268.74005605124995,-7.734193796861111,600,1,50,1,1,1,0.0,,DR3_4171518910746338560,0,5.7,9.389569,-54.740,-55.610,2016.0
688e3aae4b1fc31164fb8ee3,2025B_E473,16287,39.17544934525,-3.1558780984805557,600,1,50,1,1,1,0.0,,DR3_2495442626804315392,0,6.5,9.389569,323.279,58.329,2016.0
688e3aae4b1fc31164fb8ee2,2025B_E473,16275,39.27350840016666,12.901503336730556,600,1,50,1,1,1,0.0,,DR3_26584305669737984,0,7.5,9.389569,-2.312,-88.163,2016.0
688e3aae4b1fc31164fb8ee1,2025B_E473,161848,266.9229460864167,4.938690368580556,600,1,50,1,1,1,0.0,,DR3_4473406492614274816,0,7.3,9.389569,-545.990,-215.232,2016.0
688e3aae4b1fc31164fb8ee0,2025B_E473,161797,266.6132135058333,27.717275040511108,100,1,50,1,1,1,0.0,,DR3_4594497769766809216,0,2.1,9.389569,-312.087,-773.179,2016.0
688e3aae4b1fc31164fb8edf,2025B_E473,16160,39.028384506583336,6.893339107580555,250,1,50,1,1,1,0.0,,DR3_19316224572460416,0,4.2,9.389569,1778.585,1477.306,2016.0
688e3aae4b1fc31164fb8ede,2025B_E473,16141,38.832345774749996,-3.56254958565,600,1,50,1,1,1,0.0,,DR3_2495335115182966016,0,5.7,9.389569,-155.501,-437.848,2016.0
688e3aae4b1fc31164fb8edd,2025B_E473,160693,264.9008556627083,37.18010317873889,600,1,50,1,1,1,0.0,,DR3_1342299192648782592,0,7.2,9.389569,-498.060,-820.808,2016.0
688e3aae4b1fc31164fb8edc,2025B_E473,159222,263.0028399906667,34.27143058528889,600,1,50,1,1,1,0.0,,DR3_1335880415564253312,0,5.3,9.389569,-240.516,63.524,2016.0
688e3aae4b1fc31164fb8edb,2025B_E473,159062,262.56956487049996,47.40253750763889,600,1,50,1,1,1,0.0,,DR3_1362295082910131200,0,5.8,9.389569,169.814,77.133,2016.0
688e3aae4b1fc31164fb8eda,2025B_E473,158633,261.2442814335416,67.30672951368055,600,1,50,1,1,1,0.0,,DR3_1637110042813188608,0,5.0,9.389569,-531.749,4.818,2016.0
688e3aae4b1fc31164fb8ed9,2025B_E473,157881,261.43588748670834,2.1061577628805557,600,1,50,1,1,1,0.0,,DR3_4375233191015944192,0,4.9,9.389569,-580.325,-1184.737,2016.0
688e3aae4b1fc31164fb8ee6,2025B_E473,16397,39.613570237041664,30.81490774323889,600,1,50,1,1,1,0.0,,DR3_132922438878995968,0,6.2,9.389569,-487.540,-386.862,2016.0
688e3aae4b1fc31164fb8ed8,2025B_E473,157347,260.7139154232916,-2.388658133561111,600,1,50,1,1,1,0.0,,DR3_4367026303085396352,0,5.1,9.389569,48.702,-108.118,2016.0
688e3aae4b1fc31164fb8ed6,2025B_E473,157214,260.16557980212497,32.46311742251111,250,1,50,1,1,1,0.0,,DR3_1333760419707327744,0,4.2,9.389569,135.810,-1040.953,2016.0
688e3aae4b1fc31164fb8ed5,2025B_E473,157172,260.6440362918333,-19.616796593330555,600,1,50,1,1,1,0.0,,DR3_4122133830616441728,0,6.5,9.389569,2.558,-138.451,2016.0
688e3aae4b1fc31164fb8ed4,2025B_E473,156985,259.4602219974166,52.446245308519444,600,1,50,1,1,1,0.0,,DR3_1416124285987232256,0,6.1,9.389569,16.953,-195.357,2016.0
688e3aae4b1fc31164fb8ed3,2025B_E473,156826,259.99834174324997,-5.9183647059,600,1,50,1,1,1,0.0,,DR3_4361365433110271232,0,5.0,9.389569,45.447,-193.111,2016.0
688e3aae4b1fc31164fb8ed2,2025B_E473,156668,259.418337574375,29.228191118338888,600,1,50,1,1,1,0.0,,DR3_4575374857376398976,0,6.6,9.389569,-72.481,216.849,2016.0
688e3aae4b1fc31164fb8ed1,2025B_E473,156365,259.53021075808334,-24.073351529638888,600,1,50,1,1,1,0.0,,DR3_4111078309939315840,0,5.5,9.389569,98.506,-74.004,2016.0
688e3aae4b1fc31164fb8ed0,2025B_E473,156279,258.09666811562494,63.3528050178,600,1,50,1,1,1,0.0,,DR3_1631084478574318976,0,6.7,9.389569,-1.879,160.429,2016.0
688e3aae4b1fc31164fb8ecf,2025B_E473,156026,259.0532941000833,-26.551146094880558,600,1,50,1,1,1,0.0,,DR3_4109034455276324608,0,4.2,9.389569,-479.573,-1124.332,2016.0
688e3aae4b1fc31164fb8ece,2025B_E473,155712,258.15723725912494,18.350675167280556,600,1,50,1,1,1,0.0,,DR3_4548462729742343296,0,6.2,9.389569,101.797,-116.867,2016.0
688e3aae4b1fc31164fb8ecd,2025B_E473,154363,256.26005485187494,-5.071571994788889,600,1,50,1,1,1,0.0,,DR3_4364527594192166400,0,5.5,9.389569,-916.343,-1138.762,2016.0
688e3aae4b1fc31164fb8ecc,2025B_E473,154345,255.65248712124998,47.08567289068889,600,1,50,1,1,1,0.0,,DR3_1359938520253565952,0,5.4,9.389569,123.274,853.639,2016.0
688e3aae4b1fc31164fb8ecb,2025B_E473,154088,256.11643460704164,-28.583871541719443,600,1,50,1,1,1,0.0,,DR3_6029992663310612096,0,5.2,9.389569,83.309,-268.614,2016.0
688e3aae4b1fc31164fb8eca,2025B_E473,153525,254.42503416829163,47.363307659,600,1,50,1,1,1,0.0,,DR3_1408029436569383296,0,6.1,9.389569,-139.575,262.093,2016.0
688e3aae4b1fc31164fb8ed7,2025B_E473,157338,261.03646386724995,-34.7992390685,600,1,50,1,1,1,0.0,,DR3_5975810379449715968,0,5.9,9.389569,9.194,-176.202,2016.0
688e3aae4b1fc31164fb8ee7,2025B_E473,164507,270.238383177,15.09311490223889,600,1,50,1,1,1,0.0,,DR3_4501404113107826816,0,5.2,9.389569,-52.822,-98.446,2016.0
688e3aae4b1fc31164fb8ee8,2025B_E473,164595,270.161350169375,29.572693853530556,600,1,50,1,1,1,0.0,,DR3_4584639307993378432,0,5.9,9.389569,-138.982,173.502,2016.0
688e3aae4b1fc31164fb8ee9,2025B_E473,164922,270.63052565245835,26.3103239374,600,1,50,1,1,1,0.0,,DR3_4582680493669880704,0,5.6,9.389569,389.772,-602.431,2016.0
688e3aae4b1fc31164fb8f06,2025B_E473,174080,282.1223504055416,10.743510433361111,600,1,50,1,1,1,0.0,,DR3_4503794795019024000,0,6.0,9.389569,128.086,-436.538,2016.0
688e3aae4b1fc31164fb8f05,2025B_E473,17382,42.03952436383333,27.068111757,600,1,50,1,1,1,0.0,,DR3_114832620743735808,0,6.1,9.389569,278.469,-119.187,2016.0
688e3aae4b1fc31164fb8f04,2025B_E473,173818,281.8629551175,-3.641055455311111,600,1,50,1,1,1,0.0,,DR3_4258375617747092864,0,6.4,9.389569,-132.281,-274.867,2016.0
688e3aae4b1fc31164fb8f03,2025B_E473,173701,281.14567937933333,43.83326653995,600,1,50,1,1,1,0.0,,DR3_2117279002732678656,0,6.1,9.389569,-105.535,-1.905,2016.0
688e3aae4b1fc31164fb8f02,2025B_E473,172513,280.5097929520416,-34.46662358133056,600,1,50,1,1,1,0.0,,DR3_6735442725215002112,0,6.6,9.389569,-5.354,-64.951,2016.0
688e3aae4b1fc31164fb8f01,2025B_E473,172310,279.5669099023333,28.923332290050002,600,1,50,1,1,1,0.0,,DR3_4587501474203803136,0,7.1,9.389569,-40.910,-470.624,2016.0
688e3aae4b1fc31164fb8f00,2025B_E473,17230,41.573184600249995,11.77429874858889,600,1,50,1,1,1,0.0,,DR3_25488745411919360,0,6.3,9.389569,263.883,-211.576,2016.0
688e3aae4b1fc31164fb8eff,2025B_E473,172051,279.72214856999994,-21.052555554080556,250,1,50,1,1,1,0.0,,DR3_4079684229322231040,0,4.8,9.389569,-74.718,-153.056,2016.0
688e3aae4b1fc31164fb8efe,2025B_E473,171918,279.42809081675,-7.337043572461111,600,1,50,1,1,1,0.0,,DR3_4252845834480420736,0,6.8,9.389569,106.917,-76.519,2016.0
688e3aae4b1fc31164fb8efd,2025B_E473,17190,41.564530746375,25.64923805023889,600,1,50,1,1,1,0.0,,DR3_114575472461716864,0,6.4,9.389569,237.592,-149.140,2016.0
688e3aae4b1fc31164fb8efc,2025B_E473,171665,279.304341595625,-25.672520486269445,600,1,50,1,1,1,0.0,,DR3_4076014471814188160,0,6.2,9.389569,170.976,-281.872,2016.0
688e3aae4b1fc31164fb8efb,2025B_E473,171067,278.044116288375,13.7371092068,600,1,50,1,1,1,0.0,,DR3_4508601275714721152,0,5.9,9.389569,112.616,122.562,2016.0
688e3aae4b1fc31164fb8efa,2025B_E473,170657,277.82835490137495,-18.909682529230555,600,1,50,1,1,1,0.0,,DR3_4093301474693288960,0,5.3,9.389569,-138.215,-195.466,2016.0
688e3aae4b1fc31164fb8ef9,2025B_E473,170493,277.46912967841666,-1.818962486338889,600,1,50,1,1,1,0.0,,DR3_4270446404294208000,0,6.1,9.389569,172.063,-193.422,2016.0
688e3aae4b1fc31164fb8ef8,2025B_E473,170469,277.29553544704163,11.695421840711111,600,1,50,1,1,1,0.0,,DR3_4484013343859055744,0,7.0,9.389569,-48.277,-17.791,2016.0
688e3aae4b1fc31164fb8ef7,2025B_E473,170174,276.9780779303333,6.6000862927999995,600,1,50,1,1,1,0.0,,DR3_4477223378527434880,0,6.3,9.389569,1.445,-1.947,2016.0
688e3aae4b1fc31164fb8ef6,2025B_E473,169830,276.95618574854166,-29.81678977185,250,1,50,1,1,1,0.0,,DR3_4048037707717866880,0,5.0,9.389569,-0.341,16.103,2016.0
688e3aae4b1fc31164fb8ef5,2025B_E473,168746,275.4573235785833,-11.922985214988888,600,1,50,1,1,1,0.0,,DR3_4153637759337630720,0,6.7,9.389569,-22.963,-68.395,2016.0
688e3aae4b1fc31164fb8ef4,2025B_E473,168443,275.0159749480833,-9.596721735700001,600,1,50,1,1,1,0.0,,DR3_4157584215800708736,0,5.6,9.389569,-91.792,-223.979,2016.0
688e3aae4b1fc31164fb8ef3,2025B_E473,168009,273.8847765893333,45.20880689743889,600,1,50,1,1,1,0.0,,DR3_2115351387048328832,0,5.1,9.389569,-77.290,-114.748,2016.0
688e3aae4b1fc31164fb8ef2,2025B_E473,167665,274.3496672322916,-28.289624318161113,600,1,50,1,1,1,0.0,,DR3_4052127925286198400,0,5.4,9.389569,133.261,-151.806,2016.0
688e3aae4b1fc31164fb8ef1,2025B_E473,167389,273.28040818062493,41.47479086791111,600,1,50,1,1,1,0.0,,DR3_2113056534482408448,0,6.2,9.389569,50.843,-129.101,2016.0
688e3aae4b1fc31164fb8ef0,2025B_E473,167216,273.25959475799993,28.2471178195,600,1,50,1,1,1,0.0,,DR3_4589330958471072768,0,7.1,9.389569,-3.666,110.399,2016.0
688e3aae4b1fc31164fb8eef,2025B_E473,167215,273.24749230149996,28.258098969861113,600,1,50,1,1,1,0.0,,DR3_4589331164627790464,0,7.0,9.389569,-4.451,111.075,2016.0
688e3aae4b1fc31164fb8eee,2025B_E473,167042,272.63265239008336,54.28765269401111,600,1,50,1,1,1,0.0,,DR3_2149564787289902848,0,3.9,9.389569,107.630,247.345,2016.0
688e3aae4b1fc31164fb8eed,2025B_E473,166620,272.40410478229165,38.45569569551111,600,1,50,1,1,1,0.0,,DR3_4610177733290768896,0,4.8,9.389569,-316.454,-468.348,2016.0
688e3aae4b1fc31164fb8eec,2025B_E473,16623,39.79114862775,-26.3197596853,600,1,50,1,1,1,0.0,,DR3_5070653237360687616,0,7.6,9.389569,170.837,-234.921,2016.0
688e3aae4b1fc31164fb8eeb,2025B_E473,166,1.6551989045833333,29.02071363055,600,1,50,1,1,1,0.0,,DR3_2860924621205256704,0,4.7,9.389569,380.159,-177.730,2016.0
688e3aae4b1fc31164fb8eea,2025B_E473,165401,271.40599777116665,4.655747869480556,600,1,50,1,1,1,0.0,,DR3_4471087175915086080,0,5.7,9.389569,-13.754,-319.047,2016.0
688e3aae4b1fc31164fb8f08,2025B_E473,176377,284.71279889362495,30.18150729773889,600,1,50,1,1,1,0.0,,DR3_2041085973668754176,0,5.6,9.389569,55.723,194.216,2016.0
688e3aaf4b1fc31164fb904c,2025B_E473,S101438B,228.1796064259583,19.29369838613889,600,1,50,1,1,1,0.0,,DR3_1212385193677161088,0,6.2,9.389569,-593.723,283.636,2016.0
