ticid,observe_kpf,observe_neid,toi,tess_mag,num_pc,ra,dec,epoch,period,planet_radius,planet_insolation,planet_eqtemp,stellar_distance,stellar_teff,stellar_logg,stellar_radius,mass,mh,v_mag,vsini,t_sec_kpf
39858507,True,False,3460.01,8.82719,1,255.920846,-30.770097,2459378.778,4.6288384,17.2704,4580.01,2291.0,205.426,5978.9,3.89,2.22,1.375,,9.430000305,5.352172705,120
129637892,True,False,155.01,9.0284,1,321.11498,-37.850181,2460168.814,5.4499753,5.28759,839.203,1499.0,187.131,6220.5,3.99,1.79,1.35,,9.56000042,7.336504473,120
14091704,True,False,445.01,9.1577,1,77.323576,-36.591034,2459199.549,0.7649571,12.9538,12939.9,2971.0,176.617,6307.9,3.97,1.65,1.21,-0.38,9.579999924,8.455680353,120
170729775,True,False,2449.01,9.8999,1,67.984371,-34.455533,2459186.902,16.6542431,11.9082,362.642,1215.0,156.786,6054.0,4.43,1.08,1.13,,10.40200043,5.027232638,120
47617161,True,False,1973.01,10.7565,1,220.4268,-33.826133,2459335.075,3.919485553,,422.069467,1156.021027,204.984,5149.0,4.35,,,,11.37899971,1.967754985,120
79605791,True,False,4416.01,9.5378,1,251.780014,-39.947307,2459378.526,9.3305377,15.2895,299.515,1158.0,236.604,6238.0,3.94,1.96,1.21,,10.14000034,7.539219143,120
106940971,True,False,4425.01,9.3777,1,264.841449,-35.391821,2460100.181,5.412802,11.01710437,776.5799485,1346.375787,175.367,6468.0,4.22,1.473639965,1.32,,9.873000145,9.484695749,120
57093805,True,False,3344.01,10.9308,1,272.450977,-31.891545,2458678.654,3.2229781,14.58,2054.13,1875.0,248.097,5488.0,4.2,1.29,0.962,,11.55000019,2.571587396,120
186936449,True,False,2665.01,10.3716,1,134.15896,-34.628475,2460009.765,2.8456505,6.4972,758.965,1462.0,222.0,6112.0,4.27,1.3,1.15,,11.02000046,5.461460267,120
138727432,True,False,853.01,10.7598,1,32.914289,-37.892988,2459139.838,6.8646554,17.29,1640.28,1772.0,287.558,5937.0,4.19,1.38,1.08,,11.28999996,4.284302462,120
181748381,True,False,6261.01,10.4441,1,132.055241,-39.686292,2460013.717,5.4920894,8.83359,265.101,1124.0,267.542,6090.0,4.12,1.53,1.14,,11.19999981,5.291096632,131
366074071,True,False,7035.01,10.2955,1,356.781098,69.0485,2460448.967,4.18142,14.794,1099.82,1638.0,318.756,6293.8,4.04,1.76,1.242,,10.85999966,7.178408361,132
345645749,True,False,4041.01,10.9342,1,246.855462,21.616792,2459731.379,7.8808589,10.2354,289.546,1149.0,311.111,5914.8,4.17,1.41,1.077,0.28,11.48999977,4.161042412,135
197743152,True,False,6191.01,11.4105,1,337.043134,49.57365,2459880.418,3.7752321,10.759,96.9264,874.0,303.581,5585.0,4.26,1.22,0.986,,11.97000027,2.82892678,136
64837857,True,False,6650.01,10.0252,1,338.805332,54.773557,2460582.712,20.3292125,14.2065,162.179,994.0,237.169,6500.6,4.32,1.37,1.438,,10.39000034,10.0,139
4711,True,False,3129.01,10.9198,1,218.918812,-26.179337,2459358.079,2.3348152,11.4665,520.71,1330.0,321.683,5949.1,4.12,1.51,1.088,-0.1,11.47599983,4.353706316,139
452508760,True,False,5938.01,11.3519,1,303.908842,28.659226,2459820.183,2.260431,3.92152,249.273,1106.0,114.035,4452.0,4.54,0.74,0.698,,12.45400047,1.477615538,142
202425357,True,False,5386.01,11.3502,1,226.106919,60.536232,2459610.418,3.6215615,15.1893,346.581,1202.0,394.486,5920.2,4.17,1.43,1.1,,11.55000019,4.190547811,142
408114363,True,False,2450.01,11.4894,1,77.952525,6.795745,2459179.177,17.88324141,6.417116403,27.12795111,582.0683673,188.967,5426.0,4.63305,0.776644,0.945,,12.20600033,2.430280733,154
67478724,True,False,6171.01,11.0537,1,349.6554,32.301651,2459848.431,3.7473877,12.686,1322.91,1680.0,492.525,5876.0,3.79,2.18,1.06,,11.60000038,4.838455649,156
409594381,True,False,4214.01,11.0071,1,110.24951,-13.926265,2459248.541,3.491383,11.154,555.531,1352.0,346.881,5936.5,4.28,1.59,1.044,,11.78999996,4.28146872,165
58461209,True,False,3118.01,11.4553,1,201.376867,-28.413642,2458594.48,3.8098324,10.3911,618.962,1389.0,423.105,5406.0,3.91,1.78,0.94,,12.13799953,3.71262301,168
233823679,True,False,4478.01,11.4682,1,303.549181,54.694405,2459819.788,2.7586362,7.78435,787.087,1475.0,296.293,5774.0,4.32015,1.17,1.035,,12.09000015,3.489484304,172
265010875,True,False,6104.01,10.4146,1,126.585367,5.2584,2459968.466,6.409555471,17.4517774,2737.145339,1844.778439,614.477,6316.0,3.53,3.180480003,1.24,,11.05000019,8.57394726,173
125552076,True,False,3856.01,11.655,1,145.222922,27.950158,2459631.885,2.0436029,13.3605,321.632,1179.0,314.443,5568.0,4.32,1.13,0.98,,12.30599976,2.780331484,177
58858008,True,False,6842.01,11.5955,1,20.636935,13.352227,2460209.339,5.392095501,18.24523871,534.3923671,1226.266351,399.765,5752.18,4.14674,1.419330001,1.03,0.007,12.18299961,3.400568533,181
13574009,True,False,5884.01,10.5002,1,320.450532,23.926451,2459822.297,5.8311038,15.2747,354.772,1209.0,440.704,6390.0,3.83,2.29,1.28,,10.96000004,9.788160717,181
257207557,True,False,6184.01,11.8836,1,342.638433,9.443405,2459847.822,3.6153701,13.6892,350.5,1205.0,334.216,5516.0,4.32,1.13,0.969,,12.39999962,2.641067634,182
372048733,True,False,7169.01,11.908,1,351.05469,36.817566,2460560.151,3.437571054,15.02902011,1056.468569,1454.065247,467.151,5874.0,4.15198,1.431190014,1.06,,12.09000015,3.947633013,184
165414210,True,False,5620.01,11.9683,1,159.708601,27.415505,2459630.841,3.2856588,12.5808,187.224,1030.0,227.174,4898.9,4.43,0.91,0.801,0.293087,12.80099964,1.715187953,184
158617175,True,False,3910.01,12.0581,1,223.609501,59.101988,2459686.227,5.7158895,12.3206,76.4949,823.0,245.248,5224.0,4.56,0.82,0.89,,12.67700005,2.070023718,186
62676654,True,False,7054.01,11.9766,1,269.095123,-2.404231,2460482.549,14.75956014,7.345453386,12.43999901,478.9882236,129.214,4708.0,4.80336,0.5698379874,0.753,,12.92300034,1.588882872,187
156172268,True,False,2834.01,11.288,1,124.385982,-28.046133,2459245.467,4.6391531,13.8244,411.734,1254.0,317.232,5928.2,4.56,1.15,1.156,,12.06999969,4.234819753,188
467580267,True,False,3668.01,11.2959,1,48.218476,35.093455,2459908.643,0.7415247,13.5277,2304.37,1930.0,647.3,5921.0,3.6,2.73,1.08,,11.93999958,5.045042809,188
308504559,True,False,5831.01,10.9653,1,285.940869,-0.427822,2459786.127,3.7846792,12.2675,501.062,1318.0,324.532,6360.0,4.16,1.55,1.265,,11.23099995,7.966307032,190
141205978,True,False,3862.01,11.7201,1,185.900563,50.544625,2459662.739,1.5574603,6.15317,358.839,1212.0,249.02,5564.4,4.46,0.93,0.92,,12.45800018,2.770240567,191
233953967,True,False,1350.01,10.3589,1,305.395161,56.462656,2459851.288,5.5402372,17.4013,2282.41,1925.0,598.635,6415.0,3.49,3.39,1.291,,11.02999973,10.0,192
255928426,True,False,5686.01,12.012,1,247.460912,37.69456,2459738.846,4.2366102,15.6978,351.913,1206.0,394.427,5407.5,4.19,1.28,0.94,0.407276,12.64999962,2.391241499,195
76706043,True,False,6612.01,11.7332,1,229.294897,-33.969293,2460092.287,2.3207203,14.0426,135.481,950.0,180.958,4390.0,4.12,1.2,0.69,,13.11200047,1.4578778,198
409009431,True,False,4726.01,12.1022,1,92.729819,-13.166915,2459223.153,4.2971136,14.1426,166.22,1000.0,250.87,5203.0,4.53,0.85,0.88,,12.88300037,2.039904643,199
397763985,True,False,5765.01,11.5437,1,6.844544,70.805696,2459908.636,3.8779743,9.43,549.351,1348.0,371.785,5798.0,4.06,1.57,1.041,,12.36699963,3.59163615,218
399868187,True,False,2473.01,10.5347,1,74.374979,10.416737,2459199.203,1.2311781,17.567,27258.8,3579.0,284.183,6589.1,4.21,1.53,1.373,-0.097,11.07999992,10.0,225
63718617,True,False,6334.01,11.4808,1,33.870091,35.357237,2459905.971,3.8363055,18.8534,9673.97,2762.0,729.418,5982.0,3.65,2.6,1.1,,12.06999969,5.370063096,234
85266608,True,False,5385.01,10.8583,1,160.630713,28.198626,2459608.236,5.166554853,14.3194419,1508.165599,1589.395603,483.675,6238.0,3.88506,2.079200029,1.21,,11.56999969,7.539219143,242
291016451,True,False,5448.01,12.1629,1,169.995604,8.350262,2459547.932,3.214031,6.77869,284.023,1143.0,277.019,5366.0,4.55,0.85,0.93,0.225,12.94999981,2.308501977,252
269488987,True,False,6124.01,12.3101,1,315.220171,39.39179,2459850.466,2.8474853,12.7345,260.51,1119.0,271.974,5149.0,4.53,0.84,0.87,,13.07600021,1.967754985,254
104986789,True,False,2578.01,10.5863,1,68.052102,52.252655,2459911.48,3.458001842,14.73248488,1028.485592,1444.339547,285.53,6427.8,4.35,1.266299963,1.297,-0.112,11.35000038,8.882826644,266
408137826,True,False,941.01,10.9968,1,78.300525,6.545915,2459198.275,8.5145626,6.95626,166.575,1000.0,263.386,5920.0,4.32,1.18,1.078,,12.32999992,4.189449612,267
88266880,True,False,5930.01,11.0235,1,304.053952,16.450619,2459817.983,3.7984372,11.9632,1535.28,1743.0,486.583,6289.0,3.95,1.94,1.231,,11.51799965,8.189935376,268
368713985,True,False,6562.01,11.7584,1,220.299751,-32.363352,2460071.647,4.094748465,17.36076071,2355.126509,1776.737668,758.968,5983.0,4.27,2.19878006,1.24,,12.26399994,4.556868133,275
81247877,True,False,3915.01,12.3655,1,205.488716,17.300066,2459688.492,2.2012625,13.6145,387.574,1236.0,275.019,5177.8,4.56,0.81,0.878,0.134422,13.11299992,2.005312747,285
436102447,True,False,2359.01,11.0331,1,83.818664,6.587708,2458486.393,5.1858,18.5118,1753.41,1802.0,594.265,6130.0,3.64,2.7,1.16,,11.98999977,6.432962642,285
52420398,True,False,5427.01,11.659,1,83.968375,12.925947,2459548.749,5.2374183,14.2208,403.505,1248.0,363.385,6042.1,4.28,1.27,1.123,-0.28,12.20899963,4.943905472,286
202059363,True,False,7339.01,11.2817,1,101.400549,9.190722,2459219.71,4.2470926,14.5276,1024.21,1576.0,539.085,6232.3,3.88,2.07,1.2,0.276,11.72999954,7.472098255,289
444558604,True,False,4079.01,12.1484,1,19.980843,64.538054,2459882.628,1.9872259,15.6112,1292.25,1670.0,360.76,6178.0,4.44,1.08,1.18,,12.04300022,6.017438862,294
96074951,True,False,3737.01,11.4963,1,72.427173,35.301657,2459912.416,5.5609997,15.2954,424.633,1264.0,324.005,5863.0,4.07,1.58,1.06,,12.48999977,3.892871732,299
317252733,True,False,3735.01,11.3032,1,55.590143,58.295332,2459912.078,3.352684333,11.11022066,643.2144362,1284.424838,278.597,6245.0,4.51,1.015759945,1.211,0.037,11.95699978,6.657867483,308
336691874,True,False,5322.01,12.0075,1,6.529337,14.336428,2459872.581,5.4233428,16.7305,558.524,1354.0,476.899,5790.0,4.15,1.43,1.04,,12.65100002,3.557066674,317
435851868,True,False,6120.01,12.3983,1,343.883119,22.563967,2459852.217,2.1350899,12.6797,280.388,1140.0,240.498,4894.0,4.53,0.8,0.8,,13.27900028,1.711340491,326
242674266,True,False,7219.01,11.9146,1,293.952459,-9.613936,2460532.393,2.9069573,13.8539,285.031,1144.0,329.719,5744.0,4.28,1.22,1.027,,12.77499962,3.368173888,333
220068921,True,False,2369.01,12.1227,1,83.913807,4.82797,2458489.438,3.36376,10.7493,705.699,1435.0,418.29,5713.3,4.24,1.27,1.02,0.504,12.84799957,3.250988248,340
339207264,True,False,6050.01,11.2873,1,84.398599,64.981529,2459912.8,5.482359603,15.28166649,1118.657778,1475.006932,462.414,6243.0,3.98185,1.85995996,1.21,,11.9460001,7.5989856,355
329373799,True,False,3605.01,11.789,1,332.715604,54.481231,2459851.821,3.6554335,15.7486,1005.1,1568.0,526.417,6321.0,4.15,1.56,1.25,,11.93999958,7.490191593,360
202941251,True,False,5891.01,11.3909,1,304.450192,30.687351,2459823.632,4.1784844,15.7612,1094.98,1602.0,688.501,6283.0,3.77,2.4,1.228,,11.85000038,8.108470682,361
160432093,True,False,5971.01,10.9852,1,322.75454,30.003448,2459828.685,3.991401205,17.00877653,1687.756639,1634.734416,427.467,6528.05,4.0799,1.751649976,1.345,0.136,11.52999973,10.0,390
84599716,True,False,4615.01,11.7892,1,96.679195,25.205001,2459550.58,5.319375537,19.66846395,1968.900323,1698.93077,835.907,6350.0,3.78918,2.369339943,1.26,,11.77000046,9.100702831,393
267215820,True,False,5300.01,12.4559,1,356.481137,0.458798,2459470.418,2.2623535,11.9692,131.906,944.0,162.51,4219.0,4.53,0.73,0.66,,13.73099995,1.414082437,399
1870990135,True,False,3514.01,12.8953,1,295.556776,32.614099,2459445.483,1.5039495,17.3816,1141.17,1619.0,413.169,5623.0,4.54,0.95,1.0,,13.11900043,2.943397982,399
271307949,True,False,4766.01,12.6574,1,117.097528,2.111455,2459963.946,1.932657257,10.50883072,484.1155352,1196.346558,300.512,4909.0,4.47,0.8617429733,0.804,,13.50699997,1.723232349,402
389421473,True,False,2190.01,12.5965,1,311.751171,-38.670656,2459041.22,5.316070436,19.50064686,621.3098726,1273.347128,677.662,5477.0,4.4,1.552270055,1.01,,13.23999977,2.545287016,406
354742440,True,False,6315.01,12.0193,1,6.18687,58.468546,2459906.723,4.4532909,13.8211,1510.03,1736.0,751.084,5613.0,3.49,2.97,0.99,,13.0,4.036665828,406
422457210,True,False,6163.01,12.7912,1,351.133548,4.604684,2459843.242,9.9754699,15.8848,60.6571,777.0,442.143,5472.0,4.42,1.0,0.96,,13.24499989,2.533512805,406
422385684,True,False,2561.01,12.1504,1,318.600471,66.404803,2459852.046,2.7754004,15.2778,966.571,1553.0,581.074,5905.0,4.05,1.62,1.07,,12.82400036,4.108262707,409
32260988,True,False,5684.01,12.4344,1,233.688677,-9.344444,2459716.553,1.1000285,16.0194,1114.93,1609.0,340.9,5644.0,4.53,0.9,1.0,,13.15499973,3.010295287,418
270471065,True,False,3433.01,12.7445,1,135.455975,0.969613,2459246.895,2.7765784,6.07883,130.312,941.0,210.527,4348.2,4.48,0.78,0.68,0.282478,13.82199955,1.445824132,428
47937361,True,False,4131.01,12.8667,1,280.9612,48.134073,2459797.859,2.3382502,11.123,438.011,1274.0,411.113,5263.0,4.45,0.94,0.9,,13.4989996,2.129249701,438
190822775,True,False,6166.01,12.128,1,325.981963,46.57116,2459850.643,1.8021196,13.3235,1374.91,1696.0,413.383,6012.0,4.4,1.1,1.111,,12.77000046,4.741357578,440
165723070,True,False,3907.01,12.8532,1,231.249864,57.815109,2459714.521,1.7213564,10.674,559.726,1355.0,381.744,5072.0,4.42,0.95,0.85,,13.625,1.876872526,440
274641986,True,False,3545.01,11.5954,1,301.314408,37.349804,2459772.933,3.187208629,21.2058311,2037.664119,1713.574138,567.193,6578.0,4.14,1.641569972,1.37,,11.71000004,10.0,440
97825640,True,False,2989.01,12.7103,1,171.231675,-27.062362,2459302.225,3.1228396,13.4539,86.7639,850.0,195.795,4262.0,4.49,0.77,0.666,,13.94999981,1.4237943,444
9136777,True,False,6356.01,11.8848,1,67.605011,56.394465,2459930.555,3.7799201,16.2502,674.743,1419.0,374.605,6121.6,4.38,1.14,1.156,-0.113,12.56900024,5.538061784,444
58372253,True,False,5328.01,11.2303,1,65.293362,27.16792,2459519.398,5.4886518,17.6429,1434.4,1714.0,410.855,6119.8,3.69,2.54,1.15,0.036,12.43299961,6.344750889,446
37150278,True,False,5692.01,12.5806,1,232.046386,-10.555269,2459717.173,1.6929628,12.4331,384.155,1233.0,306.397,5250.0,4.42,0.97,0.898,,13.54699993,2.109018122,447
124174267,True,False,3107.01,12.477,1,196.726352,-31.716391,2459330.174,4.7343852,18.0528,593.089,1465.0,650.592,5776.0,4.05,1.6,1.04,,13.1420002,3.497820172,450
67566164,True,False,4196.01,12.5345,1,16.001037,-31.68549,2458404.327,3.125924,17.3686,600.297,1378.0,560.078,5828.0,4.28,1.24,1.05,,13.10099983,3.726053925,452
420268415,True,False,4436.01,11.8931,1,308.426581,87.009328,2459767.611,1.759056594,20.95778638,5910.485502,2236.276699,621.061,6250.0,3.91912,1.999250054,1.21,,12.22999954,7.684076889,456
341299943,True,False,5905.01,12.8127,1,311.466288,13.840621,2459822.0,3.0233509,11.3795,201.365,1049.0,296.925,4881.0,4.5,0.84,0.797,,13.80099964,1.701304832,462
420114036,True,False,4162.01,12.095,1,290.391821,73.350122,2459737.854,4.3744258,19.4866,1159.28,1625.0,725.754,6013.0,3.86,2.05,1.11,,12.72099972,5.557773358,464
149995163,True,False,3815.01,12.3972,1,109.358531,49.840082,2459604.924,4.8709815,21.2108,611.598,1385.0,790.338,5908.0,3.92,1.87,1.07,,12.94900036,4.982665407,470
330795142,True,False,3835.01,12.5984,1,144.395927,28.24536,2459633.636,1.3460633,14.2662,1231.36,1650.0,504.711,5788.7,4.38,1.09,1.04,0.317263,13.19799995,3.551498599,470
18373995,True,False,4617.01,12.357,1,71.022672,22.567602,2459474.422,3.487875375,16.8851071,706.3971426,1314.867476,333.973,5752.44,4.27789,1.220409989,1.03,0.254,13.25300026,3.401606471,475
435259601,True,False,4660.01,13.2616,1,51.999785,12.523415,2459523.063,1.5090806,14.3177,365.719,1218.0,257.346,4674.0,4.46,0.84,0.745,,13.98200035,1.570811042,476
366972162,True,False,4170.01,12.3623,1,337.594234,77.865504,2459738.853,2.190225,15.1395,1559.45,1750.0,587.217,5929.0,4.09,1.56,1.08,,13.09399986,4.239284071,481
312811620,True,False,3788.01,11.3321,1,94.432577,54.381306,2458863.846,3.0923729,15.1739,1605.66,1763.0,516.643,6510.2,4.07,1.76,1.34,-0.0290486,11.98999977,10.0,482
220144363,True,False,4199.01,11.5141,1,99.039982,6.472367,2458487.707,4.4466179,16.7023,1257.77,1659.0,598.941,6534.0,4.03,1.85,1.347,,11.99499989,10.0,486
154926644,True,False,7000.01,12.5322,1,206.086781,85.112826,2460336.037,2.7897577,15.2527,1126.92,1614.0,1238.77,5794.0,3.52,2.92,1.04,,13.12800026,4.522843749,489
11034516,True,False,5861.01,12.5375,1,297.980126,24.038241,2459771.876,14.3033451,17.1437,72.8052,813.0,432.745,5862.0,4.42,1.05,1.06,,13.20899963,3.887949953,492
367425982,True,False,3937.01,12.9577,1,334.133015,66.860571,2460435.856,1.692357285,12.76967024,762.5979736,1340.274211,367.428,5287.0,4.5,0.8887599707,0.908,,13.81499958,2.167938897,498
222485202,True,False,5838.01,12.8557,1,284.84062,9.130169,2459791.743,3.5982966,13.0275,43.9473,717.0,218.118,4458.0,4.54,0.75,0.699,,14.13899994,1.479651941,519
32443914,True,False,6777.01,11.9656,1,290.594959,-31.383219,2460150.328,3.3615701,16.5271,1734.68,1797.0,730.364,6258.0,3.97,1.9,1.22,,12.43400002,7.783388347,520
389040826,True,False,5511.01,12.8656,1,141.997153,4.213192,2459575.042,4.7174703,5.77392,6.87901,451.0,106.339,3628.0,4.72,0.51,0.51201,,14.82800007,1.337115004,540
251705938,True,False,6370.01,12.0907,1,46.542182,57.075669,2459934.386,2.9124991,16.4233,1711.93,1792.0,534.894,6051.0,3.94,1.89,1.13,,13.00800037,5.81124611,571
240535286,True,False,7367.01,12.3021,1,323.962083,44.312619,2460578.688,2.9814911,13.0485,575.825,1364.0,363.454,6168.0,4.57,0.93,1.176,,12.93599987,5.928653654,579
408506314,True,False,6868.01,12.8562,1,3.276119,7.660267,2460227.772,3.4106422,11.8996,804.639,1483.0,708.514,5222.0,3.83,1.89,0.89,,13.72299957,3.54649319,599
375654303,True,False,4034.01,12.5798,1,335.146984,71.767346,2459853.88,1.8020923,17.3634,1870.78,1832.0,745.145,5760.0,3.92,1.85,1.03,,13.34399986,4.411798626,607
395214388,True,False,7095.01,12.3311,1,335.259662,57.081072,2460416.358,4.6745746,13.7841,3744.12,2179.0,1078.06,5759.0,3.29,3.8,1.03,,13.38599968,4.408689944,633
280254984,True,False,3758.01,12.5489,1,41.323613,69.106259,2459736.687,3.4177514,15.3577,734.21,1450.0,477.787,5868.0,4.1,1.52,1.06,,13.45600033,3.917621388,650
160347548,True,False,2798.01,12.8054,1,91.437408,-33.187516,2459221.168,3.994474,18.9963,896.598,1524.0,836.501,5931.0,4.06,1.61,1.08,,13.37699986,4.250474599,655
144628120,True,False,2836.01,11.4675,1,121.482329,-30.93849,2459251.668,3.2379325,11.1634,1164.58,1627.0,388.876,6434.3,4.46,1.19,1.322,,12.42000008,8.977055217,667
285592400,True,False,7425.01,12.0637,1,13.132258,64.334238,2460633.588,1.2815706,18.9642,2895.35,2043.0,516.534,6327.0,4.12,1.6,1.249,,12.80900002,7.561163549,719
331146317,True,False,3602.01,11.7506,1,325.972143,54.574269,2459827.141,2.387473072,15.94273359,1799.10071,1661.053491,432.426,6566.0,4.36,1.273790002,1.36,,12.32999992,10.0,722
387416841,True,False,7311.01,12.9141,1,318.446458,1.178134,2460555.006,1.5525382,16.0284,724.353,1445.0,834.929,5730.0,3.96,1.75,1.02,,13.6079998,4.322222407,736
341420329,False,False,1019.01,10.6348,1,120.147994,-54.878552,2459232.447,5.234100758,24.29314079,1453.666385,1574.838185,399.544,7645.0,4.3,1.562029958,1.79,,10.89000034,2.0,120
193413306,False,False,1091.01,9.3529,1,222.101134,-56.025931,2459359.555,1.725841,15.0024,50469.2,4175.0,321.671,7348.0,3.9,2.39,1.67,,9.710000038,2.0,120
69068526,False,False,1196.01,10.4318,1,291.707693,17.808736,2459785.498,5.5376617,15.6557,351.929,1206.0,424.442,6689.0,3.96,2.06,1.417,,10.92000008,2.0,120
375223080,False,False,1095.01,10.4291,1,133.968965,-75.926187,2459307.386,1.482138615,13.73392612,18197.13545,2962.241804,582.521,7066.0,3.78,2.664730072,1.56,,10.66899967,2.0,120
119925436,False,False,2636.01,10.9786,1,162.41273,-50.599282,2459280.998,3.105490118,15.75216471,2621.020132,1824.89272,502.342,7176.0,4.13,1.902240038,,,11.10599995,2.0,120
80711765,False,False,2549.01,11.732,1,121.98269,-44.666911,2459230.289,4.858050098,,1349.901787,1545.949463,970.123,8303.0,4.438,,,,11.65999985,2.0,120
443115574,False,False,2538.01,10.597,1,95.226318,-7.29894,2459226.242,2.9103781,12.2597,4501.88,2282.0,906.746,7340.8,4.09,3.5,1.93,,10.89000034,2.0,120
126572546,False,False,2527.01,11.1673,1,136.653301,-50.48045,2459989.812,2.3018922,12.146,4411.81,2270.0,743.085,6919.0,3.54,3.45,1.51,,11.89099979,2.0,120
283303192,False,False,2741.01,11.7299,1,104.005957,-0.442588,2459210.247,2.9884191,16.3009,1658.79,1777.0,518.63,6636.0,4.29,1.4,1.394,,12.1420002,2.0,120
147125706,False,False,2757.01,12.6603,1,104.335512,-14.109962,2459221.438,3.4813976,20.9129,687.809,1426.0,792.979,6704.0,4.3,1.4,1.42,,13.10999966,2.0,120
247518629,False,False,2790.01,12.273,1,85.967216,16.360063,2459547.21,2.3341583,20.0937,3201.05,2095.0,832.581,6901.0,4.04,1.93,1.5,,12.82800007,2.0,120
307201632,False,False,6326.01,12.1684,1,14.976875,49.034174,2459907.562,2.3556749,16.7502,2508.24,1971.0,796.313,6708.0,4.1,1.75,1.42,,12.5,2.0,120
272218608,False,False,6314.01,13.3085,1,355.682379,62.468362,2459904.681,3.1777383,19.2706,2620.94,1993.0,980.327,7233.0,4.02,2.06,1.62,,14.36100006,2.0,120
344568128,False,False,3045.01,11.8172,1,156.217054,-69.29013,2459356.118,2.3304358,17.6763,5011.25,2343.0,835.785,7763.0,4.21,1.77,1.83,,12.57999992,2.0,120
439512298,False,False,2964.01,12.484,1,143.626372,-56.592738,2459329.67,3.8331282,12.9506,1782.41,1810.0,644.948,8408.0,4.57,1.24,2.08,,12.92700005,2.0,120
295093397,False,False,2901.01,11.9357,1,140.609503,-52.043622,2459303.995,4.6086828,20.3715,2197.47,1907.0,808.284,8097.0,4.26,1.72,1.97,,12.35999966,2.0,120
48253329,False,False,5826.01,11.7134,1,298.181417,-14.356986,2459788.108,2.8140207,17.2648,2559.93,1981.0,774.122,7456.0,4.09,1.96,1.71,,12.75,2.0,120
133850380,False,False,6550.01,10.8597,1,121.454664,-41.135631,2460002.897,6.9153868,15.9616,2475.48,1965.0,553.272,6649.3,4.37,2.05,2.08,,11.18999958,2.0,120
420369105,False,False,6765.01,12.1662,1,251.037059,-58.984634,2460122.567,2.7967251,19.3726,724.258,1445.0,1324.29,7566.0,3.85,2.61,1.75,,12.31400013,2.0,120
381448973,False,False,6751.01,12.6752,1,257.381418,-47.403434,2460117.399,2.9419791,15.3905,2295.26,1928.0,722.785,7277.0,4.35,1.42,1.64,,12.88500023,2.0,120
35582553,False,False,649.01,10.0461,1,102.22267,-13.527269,2459225.99,0.9370901,9.49947,3103.07,2079.0,430.622,6779.0,3.83,2.43,1.454,,10.39000034,2.0,120
444753130,False,False,6316.01,12.6927,1,25.177088,61.00972,2459905.111,3.0057526,17.9698,2928.62,2049.0,943.154,7581.0,4.2,1.74,1.76,,13.19099998,2.0,120
439618305,False,False,6514.01,11.9783,1,143.52393,-54.905421,2460034.691,4.0236761,16.953,9268.26,2733.0,965.229,9833.0,4.18,2.14,2.51,,12.33899975,2.0,120
318668441,False,False,3210.01,12.7521,1,173.340353,-63.341897,2459359.909,2.2364485,24.5257,3957.51,2209.0,709.721,6905.0,4.26,1.51,1.5,,13.41300011,2.0,120
164260243,False,False,6162.01,10.9837,1,336.085732,34.158724,2459852.117,1.8478843,18.4423,3803.45,2187.0,499.081,7218.8,4.21,1.65,1.62,0.238,11.25,2.0,120
431660224,False,False,6233.01,11.1585,1,358.489622,52.533524,2459876.5,3.7069545,12.7103,517.456,1328.0,377.069,6643.0,4.23,1.49,1.397,,11.70100021,2.0,120
336613507,False,False,3192.01,12.882,1,196.373989,-66.385163,2459356.691,2.2350331,22.5855,2662.36,2001.0,860.344,7057.0,4.27,1.51,1.56,,13.42700005,2.0,120
92590258,False,False,6103.01,10.6664,1,128.717977,-49.932522,2459965.819,3.242242408,13.80823284,1534.99081,1596.416451,295.408,7069.0,4.40124,1.303089976,1.56,,10.80000019,2.0,120
152245179,False,False,6107.01,11.8338,1,119.888415,-32.706065,2459966.34,3.789901771,23.92625496,12025.91816,2670.848848,1311.48,7810.0,4.08,2.642060041,2.39,,12.11999989,2.0,120
130415266,False,False,588.01,7.3123,1,104.74986,-47.023366,2459981.726,39.4718663,16.3498,176.652,1015.0,154.186,10416.0,4.35,1.82,2.69,,7.269999981,2.0,120
209935997,False,False,5845.01,11.4599,1,298.101717,16.668394,2459794.325,1.9081122,18.193,5740.22,2424.0,1465.57,8944.0,3.75,3.3,2.26,,11.68000031,2.0,120
395143000,False,False,5837.01,12.4152,1,287.099114,17.113422,2459795.483,2.9665122,13.1813,2634.75,1995.0,614.974,7564.0,4.35,1.46,1.75,,12.99199963,2.0,120
406495245,False,False,5128.01,8.2893,1,143.31764,9.168421,2460274.611,7.6014943,9.00796,492.37,1312.0,193.998,7642.0,4.09,1.99,1.79,,8.5,2.0,120
438073782,False,False,5091.01,11.4438,1,95.635062,14.017632,2459546.829,3.6413702,16.4955,1340.13,1685.0,500.511,6832.0,4.2575,1.5,1.475,,11.81000042,2.0,120
272983172,False,False,3476.01,12.6718,1,237.008308,-50.692487,2459385.897,4.3205081,14.5156,706.863,1436.0,644.3,7627.0,4.51,1.23,1.78,,13.23099995,2.0,120
56630436,False,False,3396.01,12.5443,1,127.140149,-34.630225,2459968.457,6.470000699,22.09476024,1012.851769,1438.819192,928.163,6819.0,4.11,1.767689943,1.47,,12.99699974,2.0,120
131025778,False,False,3374.01,13.0959,1,117.265588,-36.677812,2459251.491,2.6543295,23.745,2779.92,2022.0,1040.31,7517.0,4.21,1.71,1.73,,13.66699982,2.0,120
208091447,False,False,3244.01,12.3921,1,207.892594,-59.762737,2458620.952,4.6606892,21.5363,1436.15,1715.0,1206.98,8608.0,3.94,2.6,2.15,,12.93200016,2.0,120
280857321,False,False,3231.01,11.627,1,173.32243,-67.449283,2460042.804,2.1738256,17.3093,2159.42,1899.0,1206.09,7588.0,3.65,3.28,1.76,,11.92000008,2.0,120
290263093,False,False,3229.01,13.0502,1,173.708318,-64.73169,2459355.167,5.21228,19.3512,1823.95,1820.0,1295.58,8532.0,4.14,2.06,2.12,,13.54100037,2.0,120
154400369,False,False,5029.01,12.1989,1,259.95298,-35.740745,2459384.066,3.8861815,10.8516,1616.52,1766.0,383.371,8615.0,4.49,1.39,2.15,,13.22299957,2.0,120
463781038,False,False,5009.01,11.9032,1,261.294366,-40.583473,2459385.304,8.1755735,17.9327,4574.7,2291.0,1324.39,9169.0,3.73,3.44,2.32,,11.73999977,2.0,120
401028336,False,False,4949.01,12.4171,1,220.004623,-62.377726,2459356.99,1.7819156,17.5347,3451.71,2135.0,718.588,6955.0,4.22,1.58,1.52,,13.01599979,2.0,120
259230140,False,False,4384.01,9.657,1,223.193604,-68.666543,2460070.252,14.3171998,6.37558,513.65,1326.0,283.585,7596.0,4.27063,1.61,1.77,,9.920000076,2.0,120
33350443,False,False,4387.01,10.8267,1,266.746645,-47.208394,2459364.142,3.562038041,16.7501675,4654.109094,2106.584524,631.098,7042.0,3.85746,2.429229975,1.55,,10.88000011,2.0,120
35315453,False,False,4412.01,10.2956,1,249.808328,-52.099838,2460119.031,2.0340967,6.38274,4644.28,2299.0,389.597,6849.0,3.99,2.05,1.48,,10.82999992,2.0,120
23982469,False,False,4441.01,11.0477,1,276.123535,32.065393,2459391.449,4.374575688,18.84789341,2659.62501,1831.57561,627.308,7305.0,4.05424,1.998270035,1.65,,11.31000042,2.0,120
263748033,False,False,4422.01,9.944,1,270.051173,-31.608593,2460119.52,4.90826,15.7889,4791.11,2317.0,359.619,7995.0,4.2,1.83,1.93,,10.22799969,2.0,120
264912889,False,False,3683.01,11.4374,1,40.958303,54.780398,2459907.843,1.3697115,20.6045,18782.0,3261.0,685.249,7321.3,3.99,2.15,1.66,0.102,12.04899979,2.0,120
240959810,False,False,3691.01,12.6772,1,18.773067,53.117687,2459904.568,3.3411398,15.9091,1126.75,1614.0,607.498,6702.0,4.36,1.3,1.422,,13.30900002,2.0,120
432078760,False,False,3765.01,11.7734,1,57.511805,46.681042,2459913.048,3.147953197,17.74557702,2765.48372,1849.53488,620.461,7298.0,4.23,1.639430046,1.65,,12.20899963,2.0,120
432114158,False,False,3763.01,12.5159,1,57.947685,47.149894,2459910.768,2.004266071,17.46798564,6165.181107,2259.988396,855.352,7284.0,4.14,1.814900041,1.64,,13.06299973,2.0,120
428251130,False,False,3769.01,10.5375,1,54.82405,52.824649,2458821.028,10.3380912,14.0125,183.03,1024.0,276.632,6650.0,4.12,1.7,1.4,,10.86999989,2.0,120
343726435,False,False,3600.01,12.9025,1,316.383909,56.504367,2459880.048,5.016641,17.7733,489.828,1310.0,607.523,6616.0,4.05,1.83,1.38,,14.19299984,2.0,120
34551972,False,False,3678.01,10.5873,1,44.233304,28.771475,2459885.446,4.854214803,18.9133256,2370.879413,1779.701293,499.255,7259.3,4.03,2.039439917,1.63,0.476,11.15999985,2.0,120
429218084,False,False,3633.01,12.2391,1,313.317214,58.094593,2459823.487,2.5266409,18.3972,761.094,1463.0,1246.16,7233.0,3.54,3.6,1.62,,12.97900009,2.0,120
459850897,False,False,3503.01,10.2726,1,163.714472,-58.569285,2459307.638,1.188254853,12.12270015,18176.49042,2961.401265,456.891,8405.0,4.25145,1.787889957,2.08,,10.14999962,2.0,120
260761464,False,False,3589.01,11.528,1,326.392082,39.495055,2459847.255,3.0827487,20.1593,2957.04,2054.0,574.124,7658.5,4.28,1.61,1.79,0.176,11.85599995,2.0,120
173298412,False,False,3616.01,12.0526,1,346.752412,47.044576,2459877.452,2.4188647,20.8975,2177.78,1903.0,1284.85,7316.0,3.73,2.9,1.66,,12.42199993,2.0,120
26865340,False,False,5510.01,11.4769,1,112.477813,26.019184,2459574.245,5.7380349,17.067,998.412,1566.0,620.47,6786.0,4.11,1.76,1.46,,11.48900032,2.0,120
397058826,False,False,5401.01,6.33044,1,189.518268,3.282395,2458930.894,6.829102944,12.91273426,14489.49967,2798.227993,212.02,9333.0,3.53807,4.337930202,2.369,,6.334000111,2.0,120
424112727,False,False,5270.01,12.7655,1,300.066897,22.162093,2459446.036,1.0513177,16.1359,13073.2,2978.0,1229.65,7529.0,3.98,2.22,1.74,,13.27200031,2.0,120
435719275,False,False,5264.01,11.9275,1,297.552063,27.481047,2459439.859,4.4274169,19.9341,1995.4,1861.0,673.959,6812.0,4.04,1.92,1.47,,12.22000027,2.0,120
359469754,False,False,5191.01,12.6103,1,291.567585,18.995258,2459417.859,3.0278609,15.5158,4163.14,2237.0,757.613,8032.0,4.17,1.9,1.94,,13.49300003,2.0,120
202375913,False,False,1527.01,9.6968,1,5.965461,51.468293,2460600.889,5.0625809,15.2343,1582.94,1757.0,482.203,7664.0,3.81,2.76,1.79,,9.979999542,2.0,120
277447970,False,False,1361.01,10.2202,1,320.829517,52.8147,2460608.709,2.237462,10.2256,3143.23,2085.0,339.994,7050.0,4.19,1.66,1.558,,10.42000008,2.0,120
92677094,False,False,1197.01,10.4247,1,293.26832,15.736136,2459787.132,4.5960377,16.2166,2340.04,1937.0,405.634,7649.0,4.04,2.12,1.788,,11.07999992,2.0,120
157218656,False,False,4121.01,11.6881,1,267.707093,16.774858,2459768.022,2.8622679,18.4047,1757.24,1803.0,605.874,7167.0,4.3,1.49,1.6,,11.65999985,2.0,120
252616865,False,False,1482.01,10.0687,1,345.994881,52.562695,2459872.298,5.7121916,15.4584,1009.66,1570.0,318.277,6720.0,4.09,1.79,1.43,,10.55000019,2.0,120
343952976,False,False,4283.01,11.227,1,276.828678,-77.131653,2459385.636,3.0131053,17.061,1049.56,1585.0,417.879,6838.0,4.32,1.4,1.48,,11.63099957,2.0,120
389910188,False,False,4007.01,12.4705,1,23.655685,62.325517,2459901.437,4.5432349,12.5868,1563.16,1751.0,511.571,7998.0,4.6,1.16,1.929,,13.14099979,2.0,120
283015592,False,False,4000.01,12.5696,1,0.974631,64.77632,2459879.949,3.7027104,21.058,1803.49,1815.0,878.067,7493.0,4.12,1.9,1.73,,13.14999962,2.0,120
269043098,False,False,3965.01,12.8051,1,349.095834,64.72187,2459903.351,4.7253516,17.6483,2045.04,1873.0,870.816,7220.0,3.98,2.15,1.62,,13.6260004,2.0,120
290388627,False,False,4274.01,13.3992,1,173.718159,-63.445819,2459359.935,0.4459299,20.4459,44946.6,4056.0,1321.29,8878.0,4.33,1.7,2.24,,13.68099976,2.0,120
253961767,False,False,4968.01,12.5808,1,199.154488,-59.030514,2460070.678,2.235593609,19.15836169,3937.201893,2020.303754,781.768,6731.0,4.11,1.745190024,1.43,,13.27900028,2.0,120
156987351,False,False,476.01,8.8742,1,99.581416,-47.613867,2460687.473,3.062978325,14.51050814,2303.34,1912.912954,244.897,7691.0,4.11671,2.05,1.71,,9.170000076,2.0,120
118820486,False,False,4609.01,10.4117,1,70.374204,21.257733,2460229.447,2.6921752,16.0682,4194.73,2242.0,349.025,7461.4,4.22,1.68,1.713,0.172,11.06000042,2.0,120
46698351,False,False,4645.01,10.2381,1,230.71059,-59.835375,2460084.813,5.0872348,17.9284,10680.9,2832.0,709.453,8972.0,3.83,3.02,2.26,,10.5,2.0,120
150299840,False,False,4505.01,10.4223,1,95.241796,-60.955781,2459068.265,19.47237894,17.3337286,289.5679511,1052.100853,421.749,7182.7,4.24,1.967479944,1.48,-0.459839,10.47999954,2.0,120
68573534,False,False,4597.01,7.82403,1,73.705654,22.146384,2459523.197,4.6663795,13.2255,711.568,1438.0,125.189,7712.0,4.31,1.57,1.814,,8.020000458,2.0,120
92004082,False,False,4890.01,11.6042,1,172.065775,-49.667865,2460017.419,3.047127527,15.71800396,2283.147948,1763.00386,575.512,6823.0,4.19,1.604660034,1.47,,11.9989996,2.0,120
317362389,False,False,4917.01,11.1646,1,203.73203,-64.830059,2459356.533,4.7738904,13.3725,597.141,1377.0,364.963,6681.0,4.33,1.35,1.41,,11.71000004,2.0,120
108940329,False,False,4768.01,10.4397,1,112.650574,-28.912866,2459979.777,7.2644599,15.0763,468.187,1295.0,345.959,6617.0,4.15,1.64,1.385,,10.86999989,2.0,120
359523751,False,False,4970.01,12.365,1,201.239647,-57.733832,2460044.303,4.833881269,16.28703925,784.0336903,1349.594907,583.541,6859.0,4.4,1.271370053,1.49,,12.9289999,2.0,120
321861405,False,False,3952.01,11.9401,1,323.15288,67.911948,2459907.77,2.9897732,17.6166,1317.93,1678.0,591.367,6786.0,4.21,1.57,1.457,,12.45400047,2.0,120
400503123,False,False,7447.01,10.6796,1,25.150762,56.057726,2460634.265,1.5016329,9.50525,3173.31,2090.0,431.132,7284.0,4.12449,1.84,1.64,,11.14999962,2.0,120
450012972,False,False,7433.01,12.3606,1,9.433012,57.174841,2460635.003,1.8179336,18.2536,3764.08,2182.0,845.779,6725.0,4.09,1.78,1.43,,12.84799957,2.0,120
323407659,False,False,7337.01,9.61315,1,333.35532,67.394175,2460634.782,4.2619292,8.15264,3376.67,2123.0,379.929,6846.0,3.74,2.72,1.481,,10.02999973,2.0,120
103195323,False,False,2143.01,10.1041,1,62.572982,75.170931,2460470.993,5.5899401,12.1202,1816.63,1818.0,378.684,7437.0,4.09,1.95,1.7,,10.43000031,2.0,120
317483660,False,False,2346.01,11.5584,1,88.092907,-13.372469,2459224.056,3.3311975,14.877,1437.43,1715.0,437.484,6605.0,4.33,1.33,1.38,,12.36999989,2.0,120
26999884,False,False,7175.01,9.54026,1,356.316355,53.750777,2460607.533,2.9944941,15.49800298,10706.91384,2594.393374,465.072,7465.0,3.71,3.020289898,1.714,,9.909999847,2.0,120
16740548,False,False,7016.01,13.3901,1,307.898168,39.796755,2460366.663,1.598803,15.4905,11433.8,2880.0,796.293,9488.0,4.58,1.32,2.41,,13.59799957,2.0,120
466113537,False,False,1954.01,8.9718,1,165.033297,-59.978409,2460015.194,4.906417496,9.754816328,1908.197503,1685.681732,232.276,7119.5,4.14,1.980829954,1.51,,9.350000381,2.0,120
118084044,False,False,2001.01,8.9578,1,128.181355,-58.575511,2459256.141,2.743521325,22.04966682,22630.15531,3128.179266,500.027,7896.3,3.6,3.961149931,1.81,,9.199999809,2.0,120
470127886,False,False,2031.01,10.7609,1,331.117808,81.565951,2459886.046,5.715607475,13.60156514,503.1185454,1207.917661,276.105,6664.0,4.44,1.184440017,1.41,,11.25,2.0,120
394657039,False,False,159.01,10.5132,1,51.782268,-78.549831,2459382.233,3.7628372,17.33058674,1797.827207,1660.759467,347.593,6979.2,4.22,1.587460041,1.53,0.17,10.9460001,2.0,120
334305570,False,False,777.01,9.3712,1,183.118731,-49.00774,2458575.78,8.300856186,8.551266165,468.7713718,1186.75213,182.314,7199.0,4.3586,1.602830052,1.18,0.115163,9.840000153,2.0,120
88684250,False,False,990.01,10.0998,1,121.913554,-5.770077,2459981.051,4.587386,10.6337,4384.23,2266.0,465.99,8388.0,4.22,1.86,2.08,,10.19999981,2.0,120
34077285,False,True,880.01,9.2563,1,94.164473,-13.987337,2459224.831,6.3872524,5.0445,73.9967,817.0,60.6679,4935.0,4.52,0.82,0.81,,10.10000038,1.744665057,120
123846039,False,True,883.01,9.3722,1,103.369061,-6.507835,2459200.687,10.0577297,7.17665,91.5488,861.0,102.637,5651.0,4.43,1.01,1.003,,9.960000038,3.033194155,120
105840719,False,True,2123.01,9.5373,1,243.940883,17.023904,2458990.816,10.30885139,4.021746359,66.79177771,729.1224998,86.2732,5432.0,4.56341,0.8437020183,0.95,,10.23999977,2.443239659,120
298297931,False,True,4492.01,9.63105,1,308.6508,29.238102,2460555.32,4.4331838,12.5157,430.349,1268.0,143.184,5667.0,4.24,1.26,1.007,,10.09000015,3.086692309,120
81077799,False,False,3492.01,8.4504,1,166.636671,-53.73198,2459314.521,9.222417063,15.65277709,1125.057365,1477.111966,201.957,6332.0,3.7075,2.592619896,1.25,,8.909999847,8.815592537,120
354031707,False,True,6971.01,8.49335,1,168.416829,51.177452,2460343.972,4.186698854,13.67627738,3868.605528,2011.445925,231.047,6309.0,3.62105,2.853610039,1.241,,8.970000267,8.471584328,120
11521555,False,True,2401.01,9.0982,1,146.44726,-25.457737,2460012.074,5.8681984,18.1157,1402.27,1704.0,323.506,6294.0,3.55,3.1,1.23,,9.579999924,8.258875929,120
453668803,False,False,6564.01,9.5687,1,205.817879,-56.156449,2460071.37,3.985446473,16.42206706,1257.427092,1518.764555,191.372,5904.0,4.0,1.711050034,1.07,,10.23999977,4.963924698,120
356590734,False,False,1951.01,9.8722,1,172.156226,-78.801587,2459362.085,4.829406004,19.91034019,1628.923267,1620.298038,278.462,5877.5,4.18,1.955829978,1.35,,10.44999981,3.965298445,120
291517604,False,False,5148.01,10.0143,1,261.241401,-58.633055,2460117.346,5.0637114,13.5595,843.513,1501.0,237.514,5447.0,3.86,1.91,0.95,,10.72999954,3.762818222,120
416195870,False,True,1264.01,10.634,1,287.242092,57.344126,2459765.819,2.7441672,7.84317,172.233,1009.0,141.755,5040.0,4.38482,0.97,0.84,,11.24100018,1.842843637,120
177244357,False,True,1538.01,9.8931,1,356.995693,47.655601,2458768.847,6.54692,5.62882,483.652,1306.0,160.251,6034.0,4.39,1.12,1.12,,10.35000038,4.888255095,120
242120884,False,False,1966.01,9.0492,1,209.982525,-43.327316,2459334.476,0.6227257088,6.315974946,35846.75819,3509.394743,254.169,6390.7,3.83,2.308490038,1.37,,9.470000267,9.800889983,120
65212867,False,True,1007.01,8.87759,1,112.752393,-4.463359,2459247.931,6.9989206,14.7752,448.744,1282.0,283.291,6596.0,3.71,2.7,1.376,0.154,9.369999886,10.0,120
147203645,False,False,166.01,10.7258,1,323.196086,-44.018036,2459065.317,5.061131475,9.148430171,239.1418795,1002.960107,172.157,5254.0,4.45,1.002169967,0.94,,11.32999992,2.115190083,120
146172354,False,False,1036.01,10.2855,1,157.867112,-42.240448,2460037.172,3.7795212,5.98375,466.528,1294.0,184.015,5771.0,4.31,1.18,1.03,,10.97000027,3.477039744,120
427730490,False,True,2040.01,10.8407,1,352.27473,71.506474,2459740.365,3.8608551,11.2224,163.361,995.0,144.717,5019.0,4.43,0.92,0.834,,11.48999977,1.821610592,120
25799609,False,True,963.01,10.6412,1,119.1493,-0.772849,2459235.098,11.11784639,8.851880564,118.7684839,841.9669663,203.873,5814.9,4.4,1.066159964,1.046,-0.016,11.0,3.666414732,120
53875855,False,True,1491.01,10.3996,1,14.652947,34.148042,2459873.774,4.4902667,5.56985,322.83,1180.0,204.881,5899.0,4.29,1.23,1.071,,10.93999958,4.076430301,120
415739607,False,True,7303.01,10.8249,1,333.904931,9.078163,2460557.776,2.3368358,6.32061,162.173,994.0,91.8416,4439.0,4.52,0.76,0.7,,11.82900047,1.473282172,120
286864983,False,True,772.01,10.8815,1,190.191401,-21.872782,2458575.945,11.01634211,6.912446471,47.70853106,670.2992922,135.371,5184.0,4.57383,0.8153740168,0.858,,11.56999969,2.013670462,120
334125713,False,False,1949.01,9.4306,1,182.772117,-52.672196,2459331.9,4.6211026,15.4381,948.955,1546.0,200.156,6531.7,4.29,1.45,1.47,,9.800000191,10.0,120
149833117,False,True,1717.01,9.52339,1,104.628546,67.677336,2460310.509,4.052389,13.1098,377.016,1227.0,188.086,6578.0,4.31,1.36,1.368,,9.880000114,10.0,120
294179385,False,True,1454.01,11.1612,1,300.842307,53.294181,2459422.313,2.679416818,13.69255825,1027.902273,1444.134709,289.372,6075.0,4.38,1.143939972,1.136,,10.89299965,5.178955973,120
245027119,False,False,3187.01,11.1799,1,197.579939,-48.908885,2459359.08,2.0084283,16.5313,1608.42,1764.0,1018.11,5438.8,4.3,4.54,1.09,,11.59799957,2.458106146,120
286094277,False,True,5149.01,10.4815,1,310.458865,48.028314,2459814.873,27.37149525,18.3071322,95.48865329,797.2741655,298.458,5903.0,4.0,1.705809951,1.073,,11.09000015,4.959272226,120
197604890,False,True,7103.01,11.0011,1,336.730483,49.149727,2460565.253,5.3590843,4.36817,101.96,885.0,126.595,4845.0,4.52,0.81,0.787,,12.05000019,1.674773303,120
80611440,False,True,5422.01,11.2391,1,86.843617,25.626034,2460235.918,5.376799698,10.56541961,628.9279068,1277.232515,346.141,5663.5,4.05,1.572939992,1.006,-0.192,11.5,3.074850224,120
29119552,False,True,1709.01,10.2061,1,118.629831,45.807841,2459597.198,7.6288424,18.0261,338.345,1194.0,268.655,6157.0,4.1,1.6,1.171,,10.89999962,5.832918707,120
141363913,False,False,601.01,9.9223,1,129.462346,-43.042017,2460009.873,3.477756,11.3342,379.541,1229.0,409.766,6221.0,3.53,3.1,1.2,,10.57999992,7.342159537,120
33227166,False,False,4999.01,10.8235,1,266.628908,-43.374494,2459377.222,5.5846356,9.33343,624.784,1392.0,368.89,5698.0,3.84,1.99,1.01,,11.31999969,4.234614708,120
432280671,False,True,6012.01,10.5418,1,355.02941,32.015761,2459861.659,16.21176286,7.282603577,101.5736987,809.6830845,226.572,6119.0,4.35436,1.183429956,1.155,,11.01000023,5.517177386,120
85429139,False,True,4015.01,10.767,1,53.419992,68.612667,2459738.474,4.7427131,17.876,320.783,1179.0,309.161,5947.0,4.12,1.51,1.087,,11.21000004,4.341546303,120
13533330,False,True,3686.01,11.2381,1,36.900563,59.952721,2459884.347,5.077806418,14.93431837,340.2177584,1095.365339,255.803,5262.0,4.2,1.243469954,0.901,,12.0,2.127675622,120
229671380,False,True,4458.01,11.0672,1,252.125998,74.76375,2459392.576,3.939370965,13.63441635,1989.841808,1703.430376,505.432,5904.4,3.84,2.095560074,1.11,,11.17000008,4.965789338,120
393633044,False,True,4029.01,11.1718,1,239.233719,16.980285,2459711.649,5.8850401,6.61503,282.509,1142.0,274.436,5712.4,4.3,1.18,1.018,0.10068,11.55000019,3.247654909,120
9828416,False,True,2114.01,9.8251,1,261.096395,33.205073,2460476.662,6.2099619,14.369,1293.02,1670.0,317.845,6382.0,3.9,2.1,1.28,,10.27000046,9.644441581,120
379824738,False,True,5810.01,10.291,1,324.598984,23.118991,2460548.227,5.6857105,15.1292,1023.84,1575.0,320.387,6142.0,3.96,1.87,1.16,,10.89999962,6.540018656,120
284206913,False,True,3972.01,10.7486,1,9.305074,61.205097,2459903.239,10.511362,11.935,61.3806,779.0,162.569,5908.0,4.54,0.92,1.074,,11.35000038,4.124315511,120
287591638,False,True,3585.01,11.2287,1,326.807138,34.646627,2459851.899,3.5410781,4.63661,112.33,906.0,130.802,4652.0,4.48,0.82,0.74,,12.22299957,1.559724465,121
448098793,False,False,3135.01,11.0994,1,207.859228,-69.772563,2459357.945,3.7065603,12.9758,256.023,1114.0,221.673,5632.0,4.41,1.03,1.0,,11.78999996,2.971741735,126
207339000,False,True,4427.01,11.3427,1,135.049261,72.147747,2459940.464,4.618263145,13.39761617,204.8121523,964.8475089,198.251,5328.0,4.50337,0.8892179728,0.919,,12.07999992,2.238254578,129
28961316,False,True,3682.01,11.3186,1,50.275227,25.297266,2459522.003,3.3462671,12.1727,711.319,1438.0,404.211,5501.0,3.86,1.91,0.96,,11.68000031,3.838363707,129
309257814,False,False,171.01,11.6626,1,124.269428,-63.213403,2458570.408,1.238601035,12.18975625,1709.456933,1639.963909,256.345,5237.0,4.2427,1.107229948,0.88,,12.14999962,2.089280142,133
52928939,False,False,4245.01,11.7519,1,125.806237,-45.792458,2459963.826,3.152717733,5.716849474,316.3922274,1075.662928,211.183,5093.0,4.52,0.8008409739,0.99,,12.29100037,1.900355102,143
365021641,False,False,3309.01,11.8633,1,271.991949,-49.555097,2459382.076,7.4832824,12.264,129.267,939.0,288.963,5306.0,4.35,1.06,0.91,,12.22000027,2.199843912,147
405428714,False,False,6718.01,11.529,1,357.366601,-78.932968,2460126.814,2.953214488,10.23963831,1856.624045,1674.174575,464.958,5483.2,4.3,1.680559993,1.09,-0.131467,12.14799976,2.560043241,151
182405015,False,False,6105.01,10.8235,1,123.656967,-41.156136,2459963.368,3.112245817,14.41734122,1249.969872,1516.507756,266.809,6176.8,4.5,1.120740056,1.6,,11.30000019,6.006695353,160
221785300,False,False,3489.01,11.7185,1,248.914759,-54.855257,2459385.905,3.7833369,13.3743,370.391,1222.0,297.152,5266.0,4.21,1.23,0.9,,12.47999954,2.133989921,172
342449055,False,False,6704.01,10.746,1,123.998559,-59.327035,2459229.783,2.860738437,,642.271264,1283.953728,,5780.0,4.438,,,,12.11299992,3.51458724,176
210441429,False,False,6563.01,11.5744,1,212.200442,-55.712303,2460069.195,2.405303638,19.9376761,2283.895394,1763.148134,441.968,5476.0,3.88771,1.846359968,0.96,,12.22999954,3.801966993,183
310294189,False,False,3498.01,12.0475,1,185.1383,-62.401609,2459353.244,4.8768783,4.71563,295.298,1154.0,165.222,4562.0,4.54562,0.75,0.72,,12.95199966,1.518901382,185
410358456,False,False,3268.01,11.9039,1,60.057545,-87.911943,2459387.335,1.8641295,6.95296,302.749,1162.0,272.053,5293.0,4.38,1.02,0.91,,12.61800003,2.177890014,186
465933345,False,False,6274.01,10.4819,1,164.76388,-60.082938,2460014.407,1.110931615,12.8052345,17056.81666,2914.702577,502.979,6498.6,3.67,2.332380056,1.39,,10.97000027,10.0,190
272211398,False,False,4909.01,10.609,1,180.114014,-47.243939,2459316.775,11.64846652,16.07787784,243.8397642,1007.849958,341.382,6496.0,4.64,1.995180011,,-0.267348,11.03999996,9.931912043,197
253126207,False,False,6568.01,11.1102,1,194.684003,-58.476742,2460068.759,17.43680786,18.68407566,155.7889305,901.0603895,366.686,6332.0,4.19731,1.475149989,1.25,,11.43000031,7.620928035,212
305767364,False,False,4381.01,12.2907,1,263.167427,-64.352997,2459362.926,1.497422346,16.71156513,846.5055834,1375.710989,289.745,5377.0,4.5569,0.8410580158,0.93,,13.02499962,2.329801472,284
462206806,False,False,6277.01,11.9905,1,150.46383,-55.660373,2460016.245,3.37339208,14.58105019,582.4015776,1252.925895,362.374,5704.0,4.36494,1.098659992,1.02,,12.73999977,3.216817078,307
162695785,False,False,1970.01,11.0048,1,190.720365,-53.688304,2459308.324,2.559966651,17.50406821,2669.43482,1833.262183,421.946,6432.2,4.11,1.569959998,1.44,,11.44900036,8.946484795,307
357202877,False,False,3010.01,11.9656,1,136.943889,-61.011529,2459318.201,9.5537684,18.0441,125.806,933.0,421.094,5816.0,4.25,1.27,1.05,,12.59000015,3.67136571,310
371864043,False,False,3041.01,11.2553,1,149.324748,-68.779105,2459359.135,2.9599541,15.9636,1361.35,1692.0,484.97,6267.7,4.0,1.84,1.22,0.069803,11.77099991,7.906825868,329
269859655,False,False,3053.01,12.4041,1,148.573222,-64.296904,2459358.508,2.9919962,13.6621,329.849,1187.0,337.627,5247.0,4.39,1.01,0.9,,13.18599987,2.104419836,336
290777444,False,False,6549.01,12.2311,1,84.858988,-52.933311,2460042.872,6.107957518,19.13692455,527.4088544,1222.240313,575.271,5681.0,4.0558,1.56061995,1.01,,12.87899971,3.134856062,336
163260812,False,False,3098.01,11.315,1,173.137772,-46.315267,2460015.104,4.732343329,17.34104283,775.9423569,1346.09935,401.011,6438.0,4.29,1.352519989,1.3,,11.52999973,9.031215064,339
75522633,False,False,5043.01,12.4337,1,267.099516,-54.9322,2459384.33,3.8027513,14.5097,245.058,1102.0,279.685,5061.0,4.5,0.86,0.85,,13.27900028,1.864941009,341
289076007,False,False,6610.01,11.1708,1,224.571478,-49.275979,2460089.142,3.1651539,14.2867,1222.01,1647.0,407.645,6396.0,4.15,1.57,1.28,,11.72000027,8.438238508,361
102030574,False,False,305.01,12.3294,1,15.844704,-44.705826,2458364.101,9.94915,24.5989,110.866,903.0,689.883,5852.0,4.03,1.65,1.06,,12.7159996,3.839243084,362
142105158,False,False,2200.01,12.3181,1,98.783507,-72.456778,2459384.87,2.9360281,7.18912,288.087,1147.0,251.245,4983.6,0.2,0.83,0.85,0.273342,13.15100002,3.426445877,374
268187322,False,False,2814.01,11.1664,1,116.249354,-48.750526,2459964.944,5.47933497,15.18495616,915.6728921,1402.990851,427.312,6332.7,4.2,1.530769944,1.44,,11.97000027,7.629340462,375
221882319,False,False,3484.01,11.5616,1,249.488321,-58.780443,2459386.556,5.1890769,15.2719,863.316,1510.0,534.304,6195.0,4.0,1.81,1.19,,12.1590004,7.058346454,403
241326434,False,False,3241.01,11.7754,1,204.13817,-51.044343,2459351.726,6.8380862,17.4994,82.8358,840.0,300.417,5912.0,4.51,0.96,1.08,,12.81999969,4.145862082,411
467931774,False,False,6779.01,12.7308,1,282.205124,-75.431953,2460151.44,1.3504913,8.65039,467.938,1295.0,276.346,4858.0,4.51,0.82,0.79,,13.61699963,1.684145473,425
319568619,False,False,3277.01,12.7572,1,290.856966,-54.330649,2459058.439,1.5265889,12.3611,391.362,1239.0,273.098,4887.0,4.57,0.77,0.8,,13.61200047,1.705905883,426
147456499,False,False,2659.01,12.7331,1,41.060793,-40.196949,2459140.202,1.2558789,14.1053,681.251,1423.0,328.18,4926.0,4.43,0.91,0.81,,13.60599995,1.737125928,427
300604770,False,False,2626.01,12.6082,1,113.559595,-67.748369,2459963.895,3.456276661,10.5605032,121.8298519,847.3409174,192.435,4404.0,4.52,0.7520319819,0.69,,13.82299995,1.462133702,432
274367763,False,False,3474.01,11.9672,1,233.503348,-47.96366,2459358.663,3.8795023,14.0735,709.036,1437.0,420.123,6048.0,4.29,1.26,1.13,,12.6590004,4.984983464,432
383410746,False,False,3177.01,12.6967,1,183.95117,-64.567485,2459359.634,2.114655,14.2745,360.619,1214.0,335.166,5254.0,4.49,0.89,0.9,,13.48400021,2.115190083,433
101696403,False,False,4293.01,12.6211,1,302.978454,-49.001569,2459059.497,1.6242109,14.9916,1180.41,1632.0,472.755,5705.0,4.39,1.06,1.02,,13.19999981,3.220462492,448
261680542,False,False,6808.01,12.3079,1,21.604688,-79.610747,2460177.657,3.0449187,20.761,699.098,1432.0,564.778,6026.0,4.22,1.36,1.12,,12.86600018,4.83412604,462
457018819,False,False,4938.01,12.4741,1,201.741869,-55.915198,2459357.455,2.913692,13.5499,586.602,1371.0,377.703,5816.0,4.49,0.97,1.05,,13.20800018,3.67136571,480
255909950,False,False,3478.01,12.3282,1,258.660861,-67.302622,2459385.424,1.82856,20.4999,2034.63,1871.0,657.544,6078.0,4.13,1.53,1.14,,12.86999989,5.201129156,482
76894548,False,False,5028.01,12.5587,1,271.090009,-55.636862,2459388.664,3.9353218,20.2069,575.011,1364.0,929.659,5806.0,3.78,2.17,1.04,,13.125,4.564629366,490
306357884,False,False,3322.01,11.5624,1,265.087598,-63.251885,2459387.911,1.0571733,12.0066,2168.84,1901.0,809.845,6307.0,3.72,2.53,1.24,,12.26900005,8.442704395,494
364431259,False,False,3445.01,12.8311,1,244.138351,-41.073966,2459382.378,2.9866836,15.0254,282.578,1142.0,353.696,4790.0,4.14,1.24,0.77,,14.03600025,1.637586346,497
201658484,False,False,6787.01,11.8193,1,288.702162,-54.242515,2460146.921,2.9588636,16.201,1385.73,1699.0,644.937,6405.0,4.07,1.74,1.29,,12.22999954,8.561352007,498
278540265,False,False,4289.01,12.0021,1,121.188359,-82.065763,2459385.628,2.9757428,18.7018,1810.83,1817.0,610.604,6025.0,3.81,2.18,1.12,,13.06200027,5.634923406,596
433546897,False,False,3162.01,11.6387,1,190.402872,-65.797305,2460041.73,1.575525161,21.72846492,9281.79025,2503.385239,677.547,6560.0,3.89,2.197040081,1.36,,12.17399979,10.0,616
468178519,False,False,6660.01,12.0054,1,314.381155,-86.61053,2460097.764,2.985219264,17.04871221,1524.961718,1593.802431,522.201,6116.0,4.15621,1.483469963,1.15,,13.10000038,5.493207853,638
418471796,False,False,3136.01,12.7666,1,205.332577,-79.40995,2459388.272,2.6841894,21.16,719.556,1442.0,572.389,5914.0,4.33,1.17,1.08,,13.42099953,4.156696931,667
399195246,False,False,6619.01,12.6705,1,163.506946,-70.892253,2460092.28,1.6930171,16.2172,2086.88,1882.0,755.87,6010.0,4.05,1.64,1.11,,13.30500031,4.728305234,680
352147273,False,False,6225.01,13.104,1,0.485039,35.997774,2459867.416,8.555965,5.09342,4.00885,394.0,83.7373,3376.0,4.79,0.44,0.44118,,15.52299976,1.322993724,741
124895104,False,False,7186.01,12.4401,1,288.686,-11.382517,2460506.05,1.7024504,16.0263,2502.63,1970.0,756.615,6026.0,3.88,2.0,1.12,,13.25599957,5.641470353,742
303385111,False,False,4989.01,13.0413,1,256.799859,-64.547055,2459382.69,3.429078,21.1656,185.229,1027.0,936.608,5654.0,3.91,1.85,1.0,,13.77000046,4.126280552,771
360475034,False,False,3452.01,13.1151,1,188.770456,-73.129664,2459388.622,2.8372178,14.7827,4549.21,2287.0,1024.38,5604.0,3.73,2.24,0.99,,13.88500023,4.018333802,795
454876465,False,False,3126.01,13.2585,1,177.840549,-76.87837,2459386.794,1.8246123,18.0134,615.616,1387.0,693.951,5655.0,4.15,1.39,1.0,,14.08100033,3.046416612,826
279265701,False,False,4013.01,13.0217,1,25.79114,70.914425,2459740.947,2.6325313,15.2766,1493.24,1731.0,851.105,5407.0,3.64,2.42,0.94,,14.08699989,3.713779973,855
35652085,False,False,2997.01,12.3898,1,148.72505,-43.688471,2459989.324,2.206044147,18.00348871,4890.341228,2132.821649,884.499,6313.0,3.89,2.089849949,1.24,,12.99199963,8.529831648,897
193482096,False,False,3564.01,12.2617,1,305.940369,46.103142,2459820.105,4.087556342,19.99326419,1655.464029,1626.858148,737.575,6454.0,4.26,1.551579952,1.6,,12.77799988,9.269852919,903
234540647,False,False,6761.01,12.3837,1,251.015114,-47.714009,2460117.006,4.3430254,13.5998,2176.55,1902.0,590.613,6594.0,4.25,1.47,1.38,,12.61499977,10.0,920
122695048,False,False,3726.01,13.0789,1,77.298277,38.228572,2460290.432,4.840443088,17.70033201,366.5736704,1115.989392,491.622,5925.1,4.43,1.047420025,1.08,-0.377,13.86299992,4.217584472,924
332860211,False,False,2778.01,12.3409,1,84.626068,-9.83753,2459198.537,4.4445101,14.6892,347.285,1202.0,386.737,6288.0,4.42,1.14,1.23,,13.18400002,7.113983931,930
17457400,False,False,5371.01,13.3689,1,66.80026,20.774863,2459522.846,1.27615,14.5092,212.433,1063.0,324.08,4671.0,4.28,1.03,0.74,,14.69400024,1.56927181,931
161299119,False,False,3444.01,11.9642,1,241.287509,-46.565649,2459384.535,2.7188122,16.9807,708.483,1437.0,481.703,6531.0,4.23,1.48,1.35,,12.68599987,10.0,946
422554579,False,False,3929.01,13.2363,1,346.474955,67.188469,2459909.656,3.4608812,19.0253,672.096,1418.0,684.911,5695.0,4.08,1.52,1.01,,14.16399956,3.184318163,957
417047499,False,False,3523.01,12.1042,1,304.283458,42.906534,2459444.921,2.304583,16.9661,2500.98,1970.0,645.294,6562.0,4.18,1.58,1.36,,12.76299953,10.0,1015
221656234,False,False,5015.01,12.491,1,245.273071,-43.222686,2459384.648,2.4533968,16.1215,2024.13,1868.0,637.121,6333.0,4.07,1.7,1.25,,13.31900024,7.632949214,1169
314375831,False,False,3955.01,12.402,1,346.156393,56.731648,2460396.978,3.127495067,17.69853033,1481.461049,1582.312682,591.045,6457.0,4.25,1.413210034,1.31,,13.09899998,9.315410797,1199
437215469,False,False,3400.01,12.6659,1,123.624724,-19.590655,2459252.997,3.8036198,22.1057,1174.87,1631.0,913.915,6464.0,4.14,1.61,1.31,,13.10200024,9.422727837,1221
373816781,False,False,5871.01,12.7966,1,320.850391,39.813037,2459822.282,1.343636,18.3699,2519.68,1973.0,581.579,6339.0,4.45,1.1,1.25,,13.37899971,7.705557919,1252
62501513,False,False,7290.01,12.4646,1,318.927621,51.246027,2460581.584,3.776966,18.6742,1698.56,1788.0,720.361,6446.0,3.97,1.96,1.31,,13.16699982,10.0,1393
260962960,False,False,3703.01,12.3653,1,76.092396,44.334107,2460286.818,3.890133548,19.04947363,2845.137593,1862.711381,786.966,6530.0,3.87,2.23706007,1.35,,13.17000008,10.0,1459
387527174,False,False,7438.01,13.48,1,312.279803,71.381781,2460661.882,1.1253333,18.1986,3420.01,2130.0,887.927,5972.0,4.03,1.68,1.1,,14.39999962,4.489505976,1755
274545328,False,False,3767.01,13.4784,1,69.488129,52.71623,2460287.763,2.390775139,21.86066413,2835.627501,1861.152862,760.803,5382.0,3.76,2.09890008,0.93,,14.92500019,3.68580589,1856
448688668,False,False,3134.01,13.3397,1,212.675539,-66.457671,2458649.589,2.2308431,22.6165,1903.91,1840.0,1245.7,6386.0,3.88,2.14,1.28,,14.06700039,9.715898739,2283
431899136,False,False,6881.01,12.7034,1,56.22842,45.507976,2459934.874,1.9769396,15.8982,2535.55,1976.0,775.775,6440.5,4.12,1.65,1.3,0.0712063,13.85200024,9.068025691,2334
353960022,False,False,6051.01,13.4593,1,62.377542,47.556648,2459913.022,3.920091923,22.59418863,1241.175166,1513.833177,915.507,6574.32,4.23875,1.472380042,1.37,-0.241,14.31099987,10.0,3338
